id;sujeto;predicado;objeto;id_debepedia
1;http://dbpedia.org/resource/Category:Immune_system;http://www.w3.org/2004/02/skos/core#broader;http://dbpedia.org/resource/Category:Immunology;1
2;http://dbpedia.org/resource/Category:Immune_system;http://www.w3.org/2004/02/skos/core#broader;http://dbpedia.org/resource/Category:Organ_systems;1
3;http://dbpedia.org/resource/Category:Immunology;http://www.w3.org/2004/02/skos/core#broader;http://dbpedia.org/resource/Category:Medical_specialties;2
4;http://dbpedia.org/resource/Category:Causes_of_death;http://www.w3.org/2004/02/skos/core#broader;http://dbpedia.org/resource/Category:Death;3
5;http://dbpedia.org/resource/Category:Causes_of_death;http://www.w3.org/2004/02/skos/core#broader;http://dbpedia.org/resource/Category:Forensics;4
6;http://dbpedia.org/resource/Category:Causes_of_death;http://www.w3.org/2004/02/skos/core#broader;http://dbpedia.org/resource/Category:Causes_of_events;5
7;http://dbpedia.org/resource/Category:Intensive_care_medicine;http://www.w3.org/2004/02/skos/core#broader;http://dbpedia.org/resource/Category:Medical_specialties;6
8;http://dbpedia.org/resource/Category:Respiratory_physiology;http://www.w3.org/2004/02/skos/core#broader;http://dbpedia.org/resource/Category:Physiology;7
9;http://dbpedia.org/resource/Category:Respiratory_physiology;http://www.w3.org/2004/02/skos/core#broader;http://dbpedia.org/resource/Category:Pulmonology;8
10;http://dbpedia.org/resource/Category:Syndromes;http://www.w3.org/2004/02/skos/core#broader;http://dbpedia.org/resource/Category:Special_education;9
11;http://dbpedia.org/resource/Category:Syndromes;http://www.w3.org/2004/02/skos/core#broader;http://dbpedia.org/resource/Category:Diseases_and_disorders;10
12;http://dbpedia.org/resource/Category:Respiratory_diseases_principally_affecting_the_interstitium;http://www.w3.org/2004/02/skos/core#broader;http://dbpedia.org/resource/Category:Lung_disorders;11
13;http://dbpedia.org/resource/Category:Epidemiology;http://www.w3.org/2004/02/skos/core#broader;http://dbpedia.org/resource/Category:Public_health;12
14;http://dbpedia.org/resource/Category:Epidemiology;http://www.w3.org/2004/02/skos/core#broader;http://dbpedia.org/resource/Category:Applied_statistics;13
15;http://dbpedia.org/resource/Category:Epidemiology;http://www.w3.org/2004/02/skos/core#broader;http://dbpedia.org/resource/Category:Health_sciences;14
16;http://dbpedia.org/resource/Category:Epidemiology;http://www.w3.org/2004/02/skos/core#broader;http://dbpedia.org/resource/Category:Medical_statistics;15
17;http://dbpedia.org/resource/Category:Infectious_diseases;http://www.w3.org/2004/02/skos/core#broader;http://dbpedia.org/resource/Category:Diseases_and_disorders;16
18;http://dbpedia.org/resource/Category:Infectious_diseases;http://www.w3.org/2004/02/skos/core#broader;http://dbpedia.org/resource/Category:Microbiology;17
19;http://dbpedia.org/resource/Category:Infectious_diseases;http://www.w3.org/2004/02/skos/core#broader;http://dbpedia.org/resource/Category:Medical_specialties;18
20;http://dbpedia.org/resource/Category:Infectious_diseases;http://www.w3.org/2004/02/skos/core#broader;http://dbpedia.org/resource/Category:Immunology;19
21;http://dbpedia.org/resource/Category:Animal_viral_diseases;http://www.w3.org/2004/02/skos/core#broader;http://dbpedia.org/resource/Category:Animal_virology;20
22;http://dbpedia.org/resource/Category:Animal_viral_diseases;http://www.w3.org/2004/02/skos/core#broader;http://dbpedia.org/resource/Category:Animal_diseases_by_causative_agent;21
23;http://dbpedia.org/resource/Category:Animal_viral_diseases;http://www.w3.org/2004/02/skos/core#broader;http://dbpedia.org/resource/Category:Viral_diseases;22
24;http://dbpedia.org/resource/Category:Health_in_Saudi_Arabia;http://www.w3.org/2004/02/skos/core#broader;http://dbpedia.org/resource/Category:Health_in_Asia;23
25;http://dbpedia.org/resource/Category:Health_in_Saudi_Arabia;http://www.w3.org/2004/02/skos/core#broader;http://dbpedia.org/resource/Category:Health_by_country;24
26;http://dbpedia.org/resource/Category:Health_in_Saudi_Arabia;http://www.w3.org/2004/02/skos/core#broader;http://dbpedia.org/resource/Category:Saudi_Arabian_society;25
27;http://dbpedia.org/resource/Category:Bat-borne_viruses;http://www.w3.org/2004/02/skos/core#broader;http://dbpedia.org/resource/Category:Viruses;26
28;http://dbpedia.org/resource/Category:Bat-borne_viruses;http://www.w3.org/2004/02/skos/core#broader;http://dbpedia.org/resource/Category:Zoonoses;27
29;http://dbpedia.org/resource/Category:Bat-borne_viruses;http://www.w3.org/2004/02/skos/core#broader;http://dbpedia.org/resource/Category:Bat_diseases;28
30;http://dbpedia.org/resource/Category:Viral_respiratory_tract_infections;http://www.w3.org/2004/02/skos/core#broader;http://dbpedia.org/resource/Category:Animal_viral_diseases;29
31;http://dbpedia.org/resource/Category:Viral_respiratory_tract_infections;http://www.w3.org/2004/02/skos/core#broader;http://dbpedia.org/resource/Category:Respiratory_diseases;30
32;http://dbpedia.org/resource/Category:Zoonoses;http://www.w3.org/2004/02/skos/core#broader;http://dbpedia.org/resource/Category:Infectious_diseases;31
33;http://dbpedia.org/resource/Category:Zoonoses;http://www.w3.org/2004/02/skos/core#broader;http://dbpedia.org/resource/Category:Anthrozoology;32
34;http://dbpedia.org/resource/Category:Zoonoses;http://www.w3.org/2004/02/skos/core#broader;http://dbpedia.org/resource/Category:Animal_diseases;33
35;http://dbpedia.org/resource/Category:Middle_East_respiratory_syndrome;http://www.w3.org/2004/02/skos/core#broader;http://dbpedia.org/resource/Category:Betacoronaviruses;34
36;http://dbpedia.org/resource/Category:Middle_East_respiratory_syndrome;http://www.w3.org/2004/02/skos/core#broader;http://dbpedia.org/resource/Category:Viral_respiratory_tract_infections;35
37;http://dbpedia.org/resource/Category:2012_in_Saudi_Arabia;http://www.w3.org/2004/02/skos/core#broader;http://dbpedia.org/resource/Category:2012_in_Asia;36
38;http://dbpedia.org/resource/Category:2012_in_Saudi_Arabia;http://www.w3.org/2004/02/skos/core#broader;http://dbpedia.org/resource/Category:2010s_in_Saudi_Arabia;37
39;http://dbpedia.org/resource/Category:Betacoronaviruses;http://www.w3.org/2004/02/skos/core#broader;http://dbpedia.org/resource/Category:Coronaviridae;38
40;http://dbpedia.org/resource/Category:Death_in_Saudi_Arabia;http://www.w3.org/2004/02/skos/core#broader;http://dbpedia.org/resource/Category:Saudi_Arabian_society;39
41;http://dbpedia.org/resource/Category:Death_in_Saudi_Arabia;http://www.w3.org/2004/02/skos/core#broader;http://dbpedia.org/resource/Category:Death_in_Asia;40
42;http://dbpedia.org/resource/Category:Death_in_Saudi_Arabia;http://www.w3.org/2004/02/skos/core#broader;http://dbpedia.org/resource/Category:Death_by_country;41
43;http://dbpedia.org/resource/Category:EC_3.4.17;http://www.w3.org/2004/02/skos/core#broader;http://dbpedia.org/resource/Category:EC_3.4;42
44;http://dbpedia.org/resource/Category:Clinical_pharmacology;http://www.w3.org/2004/02/skos/core#broader;http://dbpedia.org/resource/Category:Drug_discovery;43
45;http://dbpedia.org/resource/Category:Clinical_pharmacology;http://www.w3.org/2004/02/skos/core#broader;http://dbpedia.org/resource/Category:Therapy;44
46;http://dbpedia.org/resource/Category:Clinical_pharmacology;http://www.w3.org/2004/02/skos/core#broader;http://dbpedia.org/resource/Category:Clinical_research;45
47;http://dbpedia.org/resource/Category:Clinical_pharmacology;http://www.w3.org/2004/02/skos/core#broader;http://dbpedia.org/resource/Category:Pharmacology;46
48;http://dbpedia.org/resource/Category:Effects_of_external_causes;http://www.w3.org/2004/02/skos/core#broader;http://dbpedia.org/resource/Category:Poisoning_and_certain_other_consequences_of_external_causes;47
49;http://dbpedia.org/resource/Category:Medical_terminology;http://www.w3.org/2004/02/skos/core#broader;http://dbpedia.org/resource/Category:Terminology;48
50;http://dbpedia.org/resource/Category:Medical_terminology;http://www.w3.org/2004/02/skos/core#broader;http://dbpedia.org/resource/Category:Medicine;49
51;http://dbpedia.org/resource/Category:Patient_safety;http://www.w3.org/2004/02/skos/core#broader;http://dbpedia.org/resource/Category:Safety;50
52;http://dbpedia.org/resource/Category:Patient_safety;http://www.w3.org/2004/02/skos/core#broader;http://dbpedia.org/resource/Category:Patient;51
53;http://dbpedia.org/resource/Category:Patient_safety;http://www.w3.org/2004/02/skos/core#broader;http://dbpedia.org/resource/Category:Healthcare_quality;52
54;http://dbpedia.org/resource/Category:Aerosols;http://www.w3.org/2004/02/skos/core#broader;http://dbpedia.org/resource/Category:Colloids;53
55;http://dbpedia.org/resource/Category:Liquids;http://www.w3.org/2004/02/skos/core#broader;http://dbpedia.org/resource/Category:Phases_of_matter;54
56;http://dbpedia.org/resource/Category:Liquids;http://www.w3.org/2004/02/skos/core#broader;http://dbpedia.org/resource/Category:Soft_matter;55
57;http://dbpedia.org/resource/Category:Solids;http://www.w3.org/2004/02/skos/core#broader;http://dbpedia.org/resource/Category:Phases_of_matter;56
58;http://dbpedia.org/resource/Category:Solids;http://www.w3.org/2004/02/skos/core#broader;http://dbpedia.org/resource/Category:Matter;57
59;http://dbpedia.org/resource/Category:Solids;http://www.w3.org/2004/02/skos/core#broader;http://dbpedia.org/resource/Category:Solid_mechanics;58
60;http://dbpedia.org/resource/Category:Solids;http://www.w3.org/2004/02/skos/core#broader;http://dbpedia.org/resource/Category:Condensed_matter_physics;59
61;http://dbpedia.org/resource/Category:Colloidal_chemistry;http://www.w3.org/2004/02/skos/core#broader;http://dbpedia.org/resource/Category:Surface_science;60
62;http://dbpedia.org/resource/Category:Colloidal_chemistry;http://www.w3.org/2004/02/skos/core#broader;http://dbpedia.org/resource/Category:Pharmaceutical_sciences;61
63;http://dbpedia.org/resource/Category:Colloidal_chemistry;http://www.w3.org/2004/02/skos/core#broader;http://dbpedia.org/resource/Category:Colloids;62
64;http://dbpedia.org/resource/Category:Colloidal_chemistry;http://www.w3.org/2004/02/skos/core#broader;http://dbpedia.org/resource/Category:Chemistry;63
65;http://dbpedia.org/resource/Category:Colloids;http://www.w3.org/2004/02/skos/core#broader;http://dbpedia.org/resource/Category:Chemical_mixtures;64
66;http://dbpedia.org/resource/Category:Colloids;http://www.w3.org/2004/02/skos/core#broader;http://dbpedia.org/resource/Category:Condensed_matter_physics;65
67;http://dbpedia.org/resource/Category:Colloids;http://www.w3.org/2004/02/skos/core#broader;http://dbpedia.org/resource/Category:Soft_matter;66
68;http://dbpedia.org/resource/Category:Fluid_dynamics;http://www.w3.org/2004/02/skos/core#broader;http://dbpedia.org/resource/Category:Chemical_engineering;67
69;http://dbpedia.org/resource/Category:Fluid_dynamics;http://www.w3.org/2004/02/skos/core#broader;http://dbpedia.org/resource/Category:Piping;68
70;http://dbpedia.org/resource/Category:Fluid_dynamics;http://www.w3.org/2004/02/skos/core#broader;http://dbpedia.org/resource/Category:Continuum_mechanics;69
71;http://dbpedia.org/resource/Category:Fluid_dynamics;http://www.w3.org/2004/02/skos/core#broader;http://dbpedia.org/resource/Category:Fluid_mechanics;70
72;http://dbpedia.org/resource/Category:Fluid_dynamics;http://www.w3.org/2004/02/skos/core#broader;http://dbpedia.org/resource/Category:Dynamics_(mechanics);71
73;http://dbpedia.org/resource/Category:Physical_chemistry;http://www.w3.org/2004/02/skos/core#broader;http://dbpedia.org/resource/Category:Applied_and_interdisciplinary_physics;72
74;http://dbpedia.org/resource/Category:Physical_chemistry;http://www.w3.org/2004/02/skos/core#broader;http://dbpedia.org/resource/Category:Chemistry;73
75;http://dbpedia.org/resource/Category:Allergology;http://www.w3.org/2004/02/skos/core#broader;http://dbpedia.org/resource/Category:Immunology;74
76;http://dbpedia.org/resource/Category:Allergology;http://www.w3.org/2004/02/skos/core#broader;http://dbpedia.org/resource/Category:Medical_specialties;75
77;http://dbpedia.org/resource/Category:Type_I_hypersensitivity;http://www.w3.org/2004/02/skos/core#broader;http://dbpedia.org/resource/Category:Hypersensitivity;76
78;http://dbpedia.org/resource/Category:Hormones_of_the_hypothalamus-pituitary-gonad_axis;http://www.w3.org/2004/02/skos/core#broader;http://dbpedia.org/resource/Category:Hormones_of_the_hypothalamus-pituitary_axis;77
79;http://dbpedia.org/resource/Category:Sex_hormones;http://www.w3.org/2004/02/skos/core#broader;http://dbpedia.org/resource/Category:Hormones_of_the_hypothalamus-pituitary-gonad_axis;78
80;http://dbpedia.org/resource/Category:Sex_hormones;http://www.w3.org/2004/02/skos/core#broader;http://dbpedia.org/resource/Category:Biology_of_gender;79
81;http://dbpedia.org/resource/Category:Sex_hormones;http://www.w3.org/2004/02/skos/core#broader;http://dbpedia.org/resource/Category:Hormones_by_action;80
82;http://dbpedia.org/resource/Category:Sex_hormones;http://www.w3.org/2004/02/skos/core#broader;http://dbpedia.org/resource/Category:Drugs_acting_on_the_genito-urinary_system;81
83;http://dbpedia.org/resource/Category:Sex_hormones;http://www.w3.org/2004/02/skos/core#broader;http://dbpedia.org/resource/Category:Sexuality;82
84;http://dbpedia.org/resource/Category:Sex_hormones;http://www.w3.org/2004/02/skos/core#broader;http://dbpedia.org/resource/Category:Reproductive_system;83
85;http://dbpedia.org/page/Category:Androgens/anabolic_steroids;http://www.w3.org/2004/02/skos/core#broader;http://dbpedia.org/resource/Category:Biology_of_gender;84
86;http://dbpedia.org/page/Category:Androgens/anabolic_steroids;http://www.w3.org/2004/02/skos/core#broader;http://dbpedia.org/resource/Category:Andrology;85
87;http://dbpedia.org/page/Category:Androgens/anabolic_steroids;http://www.w3.org/2004/02/skos/core#broader;http://dbpedia.org/resource/Category:Bodybuilding;86
88;http://dbpedia.org/page/Category:Androgens/anabolic_steroids;http://www.w3.org/2004/02/skos/core#broader;http://dbpedia.org/resource/Category:Sex_hormones;87
89;http://dbpedia.org/page/Category:Androgens/anabolic_steroids;http://www.w3.org/2004/02/skos/core#broader;http://dbpedia.org/resource/Category:Steroids;88
90;http://dbpedia.org/page/Category:Androgens/anabolic_steroids;http://www.w3.org/2004/02/skos/core#broader;http://dbpedia.org/resource/Category:Doping_in_sport;89
91;http://dbpedia.org/resource/Category:Olfactory_system;http://www.w3.org/2004/02/skos/core#broader;http://dbpedia.org/resource/Category:Olfaction;90
92;http://dbpedia.org/resource/Category:Olfactory_system;http://www.w3.org/2004/02/skos/core#broader;http://dbpedia.org/resource/Category:Sensory_systems;91
93;http://dbpedia.org/resource/Category:Neurological_disorders;http://www.w3.org/2004/02/skos/core#broader;http://dbpedia.org/resource/Category:Diseases_and_disorders_by_system;92
94;http://dbpedia.org/resource/Category:Neurological_disorders;http://www.w3.org/2004/02/skos/core#broader;http://dbpedia.org/resource/Category:Neurology;93
95;http://dbpedia.org/resource/Category:Anticoagulants;http://www.w3.org/2004/02/skos/core#broader;http://dbpedia.org/resource/Category:Antithrombotic_agents;94
96;http://dbpedia.org/resource/Category:Cardiac_arrhythmia;http://www.w3.org/2004/02/skos/core#broader;http://dbpedia.org/resource/Category:Cardiac_electrophysiology;95
97;http://dbpedia.org/resource/Category:Cardiac_arrhythmia;http://www.w3.org/2004/02/skos/core#broader;http://dbpedia.org/resource/Category:Heart_diseases;96
98;http://dbpedia.org/resource/Category:Medical_emergencies;http://www.w3.org/2004/02/skos/core#broader;http://dbpedia.org/resource/Category:Human_diseases_and_disorders;97
99;http://dbpedia.org/resource/Category:Medical_emergencies;http://www.w3.org/2004/02/skos/core#broader;http://dbpedia.org/resource/Category:Emergency_medicine;98
100;http://dbpedia.org/resource/Category:Asthma;http://www.w3.org/2004/02/skos/core#broader;http://dbpedia.org/resource/Category:Chronic_lower_respiratory_diseases;99
101;http://dbpedia.org/resource/Category:Asthma;http://www.w3.org/2004/02/skos/core#broader;http://dbpedia.org/resource/Category:Type_I_hypersensitivity;100
102;http://dbpedia.org/resource/Category:Asthma;http://www.w3.org/2004/02/skos/core#broader;http://dbpedia.org/resource/Category:Autoimmune_diseases;101
103;http://dbpedia.org/resource/Category:Chronic_lower_respiratory_diseases;http://www.w3.org/2004/02/skos/core#broader;http://dbpedia.org/resource/Category:Lower_respiratory_tract_diseases;102
104;http://dbpedia.org/resource/Category:Respiratory_therapy;http://www.w3.org/2004/02/skos/core#broader;http://dbpedia.org/resource/Category:Pulmonology;103
105;http://dbpedia.org/resource/Category:Respiratory_therapy;http://www.w3.org/2004/02/skos/core#broader;http://dbpedia.org/resource/Category:Therapy;104
106;http://dbpedia.org/resource/Category:Anatomical_pathology;http://www.w3.org/2004/02/skos/core#broader;http://dbpedia.org/resource/Category:Anatomy;105
107;http://dbpedia.org/resource/Category:Anatomical_pathology;http://www.w3.org/2004/02/skos/core#broader;http://dbpedia.org/resource/Category:Pathology;106
108;http://dbpedia.org/resource/Category:Medical_aspects_of_death;http://www.w3.org/2004/02/skos/core#broader;http://dbpedia.org/resource/Category:Medicine;107
109;http://dbpedia.org/resource/Category:Medical_aspects_of_death;http://www.w3.org/2004/02/skos/core#broader;http://dbpedia.org/resource/Category:Death;108
110;http://dbpedia.org/resource/Category:Post-mortem;http://www.w3.org/2004/02/skos/core#broader;http://dbpedia.org/resource/Category:Death;109
111;http://dbpedia.org/resource/Category:Forensic_techniques;http://www.w3.org/2004/02/skos/core#broader;http://dbpedia.org/resource/Category:Forensics;110
112;http://dbpedia.org/resource/Category:Forensic_techniques;http://www.w3.org/2004/02/skos/core#broader;http://dbpedia.org/resource/Category:Law_enforcement_techniques;111
113;http://dbpedia.org/resource/Category:Ayurveda;http://www.w3.org/2004/02/skos/core#broader;http://dbpedia.org/resource/Category:History_of_medieval_medicine;112
114;http://dbpedia.org/resource/Category:Ayurveda;http://www.w3.org/2004/02/skos/core#broader;http://dbpedia.org/resource/Category:Hinduism_and_science;113
115;http://dbpedia.org/resource/Category:Ayurveda;http://www.w3.org/2004/02/skos/core#broader;http://dbpedia.org/resource/Category:History_of_ancient_medicine;114
116;http://dbpedia.org/resource/Category:Ayurveda;http://www.w3.org/2004/02/skos/core#broader;http://dbpedia.org/resource/Category:Hindu_studies;115
117;http://dbpedia.org/resource/Category:Ayurveda;http://www.w3.org/2004/02/skos/core#broader;http://dbpedia.org/resource/Category:Traditional_medicine_in_India;116
118;http://dbpedia.org/resource/Category:Health_in_India;http://www.w3.org/2004/02/skos/core#broader;http://dbpedia.org/resource/Category:Health_in_Asia;117
119;http://dbpedia.org/resource/Category:Health_in_India;http://www.w3.org/2004/02/skos/core#broader;http://dbpedia.org/resource/Category:Health_by_country;118
120;http://dbpedia.org/resource/Category:Health_in_India;http://www.w3.org/2004/02/skos/core#broader;http://dbpedia.org/resource/Category:Indian_society;119
121;http://dbpedia.org/resource/Category:Alternative_medical_systems;http://www.w3.org/2004/02/skos/core#broader;http://dbpedia.org/resource/Category:Alternative_medicine;120
122;http://dbpedia.org/resource/Category:Hindu_philosophical_concepts;http://www.w3.org/2004/02/skos/core#broader;http://dbpedia.org/resource/Category:Hindu_studies;121
123;http://dbpedia.org/resource/Category:Hindu_philosophical_concepts;http://www.w3.org/2004/02/skos/core#broader;http://dbpedia.org/resource/Category:Religious_philosophical_concepts;122
124;http://dbpedia.org/resource/Category:Hindu_philosophical_concepts;http://www.w3.org/2004/02/skos/core#broader;http://dbpedia.org/resource/Category:Hindu_philosophy;123
125;http://dbpedia.org/resource/Category:History_of_ancient_medicine;http://www.w3.org/2004/02/skos/core#broader;http://dbpedia.org/resource/Category:History_of_medicine;124
126;http://dbpedia.org/resource/Category:History_of_ancient_medicine;http://www.w3.org/2004/02/skos/core#broader;http://dbpedia.org/resource/Category:Ancient_history;125
127;http://dbpedia.org/resource/Category:Massage_therapy;http://www.w3.org/2004/02/skos/core#broader;http://dbpedia.org/resource/Category:Massage;126
128;http://dbpedia.org/resource/Category:Massage_therapy;http://www.w3.org/2004/02/skos/core#broader;http://dbpedia.org/resource/Category:Manual_therapy;127
129;http://dbpedia.org/resource/Category:Pseudoscience;http://www.w3.org/2004/02/skos/core#broader;http://dbpedia.org/resource/Category:Types_of_scientific_fallacy;128
130;http://dbpedia.org/resource/Category:Pseudoscience;http://www.w3.org/2004/02/skos/core#broader;http://dbpedia.org/resource/Category:Speculative_fiction;129
131;http://dbpedia.org/resource/Category:Pseudoscience;http://www.w3.org/2004/02/skos/core#broader;http://dbpedia.org/resource/Category:Science;130
132;http://dbpedia.org/resource/Category:Pseudoscience;http://www.w3.org/2004/02/skos/core#broader;http://dbpedia.org/resource/Category:Pseudo-scholarship;131
133;http://dbpedia.org/resource/Category:Pseudoscience;http://www.w3.org/2004/02/skos/core#broader;http://dbpedia.org/resource/Category:Fringe_science;132
134;http://dbpedia.org/resource/Category:Traditional_medicine;http://www.w3.org/2004/02/skos/core#broader;http://dbpedia.org/resource/Category:Alternative_medicine;133
135;http://dbpedia.org/resource/Category:Traditional_medicine;http://www.w3.org/2004/02/skos/core#broader;http://dbpedia.org/resource/Category:Medicine;134
136;http://dbpedia.org/resource/Category:Traditional_medicine;http://www.w3.org/2004/02/skos/core#broader;http://dbpedia.org/resource/Category:Alternative_medical_systems;135
137;http://dbpedia.org/resource/Category:Traditional_medicine;http://www.w3.org/2004/02/skos/core#broader;http://dbpedia.org/resource/Category:Traditional_knowledge;136
138;http://dbpedia.org/resource/Category:Traditional_medicine;http://www.w3.org/2004/02/skos/core#broader;http://dbpedia.org/resource/Category:Medical_anthropology;137
139;http://dbpedia.org/resource/Category:Traditional_medicine;http://www.w3.org/2004/02/skos/core#broader;http://dbpedia.org/resource/Category:History_of_medicine;138
140;http://dbpedia.org/resource/Category:Sakaldwipiya;http://www.w3.org/2004/02/skos/core#broader;http://dbpedia.org/resource/Category:Brahmin_communities;139
141;http://dbpedia.org/resource/Category:South_Asian_traditional_medicine;http://www.w3.org/2004/02/skos/core#broader;http://dbpedia.org/resource/Category:Asian_traditional_medicine;140
142;http://dbpedia.org/resource/Category:South_Asian_traditional_medicine;http://www.w3.org/2004/02/skos/core#broader;http://dbpedia.org/resource/Category:South_Asia;141
143;http://dbpedia.org/resource/Category:Traditional_medicine_in_India;http://www.w3.org/2004/02/skos/core#broader;http://dbpedia.org/resource/Category:South_Asian_traditional_medicine;142
144;http://dbpedia.org/resource/Category:Traditional_medicine_in_India;http://www.w3.org/2004/02/skos/core#broader;http://dbpedia.org/resource/Category:Health_in_India;143
145;http://dbpedia.org/resource/Category:Traditional_medicine_in_India;http://www.w3.org/2004/02/skos/core#broader;http://dbpedia.org/resource/Category:Indian_traditions;144
146;http://dbpedia.org/resource/Category:Vedic_period;http://www.w3.org/2004/02/skos/core#broader;http://dbpedia.org/resource/Category:Ancient_Hinduism;145
147;http://dbpedia.org/resource/Category:Vedic_period;http://www.w3.org/2004/02/skos/core#broader;http://dbpedia.org/resource/Category:Historical_eras;146
148;http://dbpedia.org/resource/Category:Vedic_period;http://www.w3.org/2004/02/skos/core#broader;http://dbpedia.org/resource/Category:Civilizations;147
149;http://dbpedia.org/resource/Category:Vedic_period;http://www.w3.org/2004/02/skos/core#broader;http://dbpedia.org/resource/Category:Ancient_India;148
150;http://dbpedia.org/resource/Category:Antibiotics;http://www.w3.org/2004/02/skos/core#broader;http://dbpedia.org/resource/Category:Antimicrobial_drugs;149
151;http://dbpedia.org/resource/Category:Antibiotics;http://www.w3.org/2004/02/skos/core#broader;http://dbpedia.org/resource/Category:Biocides;150
152;http://dbpedia.org/resource/Category:Antibiotics;http://www.w3.org/2004/02/skos/core#broader;http://dbpedia.org/resource/Category:Biotechnology_products;151
153;http://dbpedia.org/resource/Category:Antibiotics;http://www.w3.org/2004/02/skos/core#broader;http://dbpedia.org/resource/Category:Bactericides;152
154;http://dbpedia.org/resource/Category:Antibiotics;http://www.w3.org/2004/02/skos/core#broader;http://dbpedia.org/resource/Category:Medical_hygiene;153
155;http://dbpedia.org/resource/Category:Antimalarial_agents;http://www.w3.org/2004/02/skos/core#broader;http://dbpedia.org/resource/Category:Malaria;154
156;http://dbpedia.org/resource/Category:Antimalarial_agents;http://www.w3.org/2004/02/skos/core#broader;http://dbpedia.org/resource/Category:Antiprotozoal_agents;155
157;http://dbpedia.org/resource/Category:Macrolide_antibiotics;http://www.w3.org/2004/02/skos/core#broader;http://dbpedia.org/resource/Category:Polyketide_antibiotics;156
158;http://dbpedia.org/resource/Category:Macrolide_antibiotics;http://www.w3.org/2004/02/skos/core#broader;http://dbpedia.org/resource/Category:Macrolides;157
159;http://dbpedia.org/resource/Category:Pfizer_products;http://www.w3.org/2004/02/skos/core#broader;http://dbpedia.org/resource/Category:Products_by_company;158
160;http://dbpedia.org/resource/Category:Pfizer_products;http://www.w3.org/2004/02/skos/core#broader;http://dbpedia.org/resource/Category:Pfizer;159
161;http://dbpedia.org/resource/Category:World_Health_Organization_essential_medicines;http://www.w3.org/2004/02/skos/core#broader;http://dbpedia.org/resource/Category:Drugs;160
162;http://dbpedia.org/resource/Category:World_Health_Organization_essential_medicines;http://www.w3.org/2004/02/skos/core#broader;http://dbpedia.org/resource/Category:World_Health_Organization;161
163;http://dbpedia.org/resource/Category:Cancer_vaccines;http://www.w3.org/2004/02/skos/core#broader;http://dbpedia.org/resource/Category:Cancer_treatments;162
164;http://dbpedia.org/resource/Category:Cancer_vaccines;http://www.w3.org/2004/02/skos/core#broader;http://dbpedia.org/resource/Category:Vaccines;163
165;http://dbpedia.org/resource/Category:Live_vaccines;http://www.w3.org/2004/02/skos/core#broader;http://dbpedia.org/resource/Category:Vaccines;164
166;http://dbpedia.org/resource/Category:Tuberculosis_vaccines;http://www.w3.org/2004/02/skos/core#broader;http://dbpedia.org/resource/Category:Tuberculosis;165
167;http://dbpedia.org/resource/Category:Tuberculosis_vaccines;http://www.w3.org/2004/02/skos/core#broader;http://dbpedia.org/resource/Category:Vaccines;166
168;http://dbpedia.org/resource/Category:Transaction_processing;http://www.w3.org/2004/02/skos/core#broader;http://dbpedia.org/resource/Category:Databases;167
169;http://dbpedia.org/resource/Category:Transaction_processing;http://www.w3.org/2004/02/skos/core#broader;http://dbpedia.org/resource/Category:Concurrency_control;168
170;http://dbpedia.org/resource/Category:Transaction_processing;http://www.w3.org/2004/02/skos/core#broader;http://dbpedia.org/resource/Category:Utility_software_by_type;169
171;http://dbpedia.org/resource/Category:Transaction_processing;http://www.w3.org/2004/02/skos/core#broader;http://dbpedia.org/resource/Category:Data_management;170
172;http://dbpedia.org/resource/Category:Distributed_computing_problems;http://www.w3.org/2004/02/skos/core#broader;http://dbpedia.org/resource/Category:Computational_problems;171
173;http://dbpedia.org/resource/Category:Distributed_computing_problems;http://www.w3.org/2004/02/skos/core#broader;http://dbpedia.org/resource/Category:Distributed_computing;172
174;http://dbpedia.org/resource/Category:Data_management;http://www.w3.org/2004/02/skos/core#broader;http://dbpedia.org/resource/Category:Information_retrieval;173
175;http://dbpedia.org/resource/Category:Data_management;http://www.w3.org/2004/02/skos/core#broader;http://dbpedia.org/resource/Category:Information_technology_management;174
176;http://dbpedia.org/resource/Category:Data_management;http://www.w3.org/2004/02/skos/core#broader;http://dbpedia.org/resource/Category:Computer_data;175
177;http://dbpedia.org/resource/Category:Data_management;http://www.w3.org/2004/02/skos/core#broader;http://dbpedia.org/resource/Category:Data;176
178;http://dbpedia.org/resource/Category:Technology_forecasting;http://www.w3.org/2004/02/skos/core#broader;http://dbpedia.org/resource/Category:Forecasting;177
179;http://dbpedia.org/resource/Category:Technology_forecasting;http://www.w3.org/2004/02/skos/core#broader;http://dbpedia.org/resource/Category:Emerging_technologies;178
180;http://dbpedia.org/resource/Category:Technology_forecasting;http://www.w3.org/2004/02/skos/core#broader;http://dbpedia.org/resource/Category:Technology_assessment;179
181;http://dbpedia.org/resource/Category:Big_data;http://www.w3.org/2004/02/skos/core#broader;http://dbpedia.org/resource/Category:Types_of_databases;180
182;http://dbpedia.org/resource/Category:Big_data;http://www.w3.org/2004/02/skos/core#broader;http://dbpedia.org/resource/Category:Data;181
183;http://dbpedia.org/resource/Category:Animal_anatomy;http://www.w3.org/2004/02/skos/core#broader;http://dbpedia.org/resource/Category:Zoology;182
184;http://dbpedia.org/resource/Category:Animal_anatomy;http://www.w3.org/2004/02/skos/core#broader;http://dbpedia.org/resource/Category:Anatomy;183
185;http://dbpedia.org/resource/Category:Animal_anatomy;http://www.w3.org/2004/02/skos/core#broader;http://dbpedia.org/resource/Category:Veterinary_medicine;184
186;http://dbpedia.org/resource/Category:Animal_anatomy;http://www.w3.org/2004/02/skos/core#broader;http://dbpedia.org/resource/Category:Animals;185
187;http://dbpedia.org/resource/Category:Brain;http://www.w3.org/2004/02/skos/core#broader;http://dbpedia.org/resource/Category:Animal_anatomy;186
188;http://dbpedia.org/resource/Category:Brain;http://www.w3.org/2004/02/skos/core#broader;http://dbpedia.org/resource/Category:Neuroscience;187
189;http://dbpedia.org/resource/Category:Brain;http://www.w3.org/2004/02/skos/core#broader;http://dbpedia.org/resource/Category:Organs_(anatomy);188
190;http://dbpedia.org/resource/Category:Brain;http://www.w3.org/2004/02/skos/core#broader;http://dbpedia.org/resource/Category:Central_nervous_system;189
191;http://dbpedia.org/resource/Category:Brain;http://www.w3.org/2004/02/skos/core#broader;http://dbpedia.org/resource/Category:Human_anatomy_by_organ;190
192;http://dbpedia.org/resource/Category:Human_anatomy_by_organ;http://www.w3.org/2004/02/skos/core#broader;http://dbpedia.org/resource/Category:Human_anatomy;191
193;http://dbpedia.org/page/Category:Organs_(anatomy);http://www.w3.org/2004/02/skos/core#broader;http://dbpedia.org/resource/Category:Anatomy;192
194;http://dbpedia.org/resource/Category:Medicinal_chemistry;http://www.w3.org/2004/02/skos/core#broader;http://dbpedia.org/resource/Category:Medical_research;193
195;http://dbpedia.org/resource/Category:Medicinal_chemistry;http://www.w3.org/2004/02/skos/core#broader;http://dbpedia.org/resource/Category:Pharmaceutical_sciences;194
196;http://dbpedia.org/resource/Category:Medicinal_chemistry;http://www.w3.org/2004/02/skos/core#broader;http://dbpedia.org/resource/Category:Biochemistry;195
197;http://dbpedia.org/resource/Category:Medicinal_chemistry;http://www.w3.org/2004/02/skos/core#broader;http://dbpedia.org/resource/Category:Chemistry;196
198;http://dbpedia.org/resource/Category:Metabolism;http://www.w3.org/2004/02/skos/core#broader;http://dbpedia.org/resource/Category:Biochemistry;197
199;http://dbpedia.org/resource/Category:Metabolism;http://www.w3.org/2004/02/skos/core#broader;http://dbpedia.org/resource/Category:Cellular_processes;198
200;http://dbpedia.org/resource/Category:Enzyme_inhibitors;http://www.w3.org/2004/02/skos/core#broader;http://dbpedia.org/resource/Category:Drugs_by_mechanism_of_action;199
201;http://dbpedia.org/resource/Category:Enzyme_inhibitors;http://www.w3.org/2004/02/skos/core#broader;http://dbpedia.org/resource/Category:Enzyme_kinetics;200
202;http://dbpedia.org/resource/Category:Cancer;http://www.w3.org/2004/02/skos/core#broader;http://dbpedia.org/resource/Category:Neoplasms;201
203;http://dbpedia.org/resource/Category:Cancer;http://www.w3.org/2004/02/skos/core#broader;http://dbpedia.org/resource/Category:Diseases_and_disorders;202
204;http://dbpedia.org/resource/Category:Types_of_cancer;http://www.w3.org/2004/02/skos/core#broader;http://dbpedia.org/resource/Category:Cancer;203
205;http://dbpedia.org/resource/Category:Types_of_neoplasia;http://www.w3.org/2004/02/skos/core#broader;http://dbpedia.org/resource/Category:Neoplasms;204
206;http://dbpedia.org/resource/Category:Types_of_neoplasia;http://www.w3.org/2004/02/skos/core#broader;http://dbpedia.org/resource/Category:Types_of_cancer;205
207;http://dbpedia.org/resource/Category:Aging-associated_diseases;http://www.w3.org/2004/02/skos/core#broader;http://dbpedia.org/resource/Category:Senescence;206
208;http://dbpedia.org/resource/Category:Aging-associated_diseases;http://www.w3.org/2004/02/skos/core#broader;http://dbpedia.org/resource/Category:Diseases_and_disorders;207
209;http://dbpedia.org/resource/Category:Aging-associated_diseases;http://www.w3.org/2004/02/skos/core#broader;http://dbpedia.org/resource/Category:Causes_of_death;208
210;http://dbpedia.org/resource/Category:Occupational_safety_and_health;http://www.w3.org/2004/02/skos/core#broader;http://dbpedia.org/resource/Category:Health;209
211;http://dbpedia.org/resource/Category:Occupational_safety_and_health;http://www.w3.org/2004/02/skos/core#broader;http://dbpedia.org/resource/Category:Working_conditions;210
212;http://dbpedia.org/resource/Category:Occupational_safety_and_health;http://www.w3.org/2004/02/skos/core#broader;http://dbpedia.org/resource/Category:Safety;211
213;http://dbpedia.org/resource/Category:Occupational_safety_and_health;http://www.w3.org/2004/02/skos/core#broader;http://dbpedia.org/resource/Category:Labour_relations;212
214;http://dbpedia.org/resource/Category:Occupational_safety_and_health;http://www.w3.org/2004/02/skos/core#broader;http://dbpedia.org/resource/Category:Risk_management;213
215;http://dbpedia.org/resource/Category:Oncology;http://www.w3.org/2004/02/skos/core#broader;http://dbpedia.org/resource/Category:Medical_specialties;214
216;http://dbpedia.org/resource/Category:Oncology;http://www.w3.org/2004/02/skos/core#broader;http://dbpedia.org/resource/Category:Cancer;215
217;http://dbpedia.org/resource/Category:Pathology;http://www.w3.org/2004/02/skos/core#broader;http://dbpedia.org/resource/Category:Medical_specialties;216
218;http://dbpedia.org/resource/Category:Pathology;http://www.w3.org/2004/02/skos/core#broader;http://dbpedia.org/resource/Category:Branches_of_biology;217
219;http://dbpedia.org/resource/Category:Heart_diseases;http://www.w3.org/2004/02/skos/core#broader;http://dbpedia.org/resource/Category:Cardiovascular_diseases;218
220;http://dbpedia.org/resource/Category:Heart_diseases;http://www.w3.org/2004/02/skos/core#broader;http://dbpedia.org/resource/Category:Cardiology;219
221;http://dbpedia.org/resource/Category:Human_communication;http://www.w3.org/2004/02/skos/core#broader;http://dbpedia.org/resource/Category:Communication_by_type;220
222;http://dbpedia.org/resource/Category:Human_communication;http://www.w3.org/2004/02/skos/core#broader;http://dbpedia.org/resource/Category:Interpersonal_communication;221
223;http://dbpedia.org/resource/Category:Chemical_reaction_engineering;http://www.w3.org/2004/02/skos/core#broader;http://dbpedia.org/resource/Category:Chemical_reactions;222
224;http://dbpedia.org/resource/Category:Chemical_reaction_engineering;http://www.w3.org/2004/02/skos/core#broader;http://dbpedia.org/resource/Category:Chemical_engineering;223
225;http://dbpedia.org/resource/Category:Chemical_kinetics;http://www.w3.org/2004/02/skos/core#broader;http://dbpedia.org/resource/Category:Chemical_reaction_engineering;224
226;http://dbpedia.org/resource/Category:Chemical_kinetics;http://www.w3.org/2004/02/skos/core#broader;http://dbpedia.org/resource/Category:Physical_chemistry;225
227;http://dbpedia.org/resource/Category:Temporal_rates;http://www.w3.org/2004/02/skos/core#broader;http://dbpedia.org/resource/Category:Rates;226
228;http://dbpedia.org/resource/Category:Temporal_rates;http://www.w3.org/2004/02/skos/core#broader;http://dbpedia.org/resource/Category:Time;227
229;http://dbpedia.org/resource/Category:Protein_domains;http://www.w3.org/2004/02/skos/core#broader;http://dbpedia.org/resource/Category:Protein_structure;228
230;http://dbpedia.org/resource/Category:Glycoproteins;http://www.w3.org/2004/02/skos/core#broader;http://dbpedia.org/resource/Category:Proteins_by_structure;229
231;http://dbpedia.org/resource/Category:Glycoproteins;http://www.w3.org/2004/02/skos/core#broader;http://dbpedia.org/resource/Category:Glycobiology;230
232;http://dbpedia.org/resource/Category:Clusters_of_differentiation;http://www.w3.org/2004/02/skos/core#broader;http://dbpedia.org/resource/Category:Membrane_proteins;231
233;http://dbpedia.org/resource/Category:Clusters_of_differentiation;http://www.w3.org/2004/02/skos/core#broader;http://dbpedia.org/resource/Category:Immune_system;232
234;http://dbpedia.org/resource/Category:T_cells;http://www.w3.org/2004/02/skos/core#broader;http://dbpedia.org/resource/Category:Lymphocytes;233
235;http://dbpedia.org/resource/Category:T_cells;http://www.w3.org/2004/02/skos/core#broader;http://dbpedia.org/resource/Category:Thymus;234
236;http://dbpedia.org/resource/Category:Biotechnology;http://www.w3.org/2004/02/skos/core#broader;http://dbpedia.org/resource/Category:Life_sciences;235
237;http://dbpedia.org/resource/Category:Biotechnology;http://www.w3.org/2004/02/skos/core#broader;http://dbpedia.org/resource/Category:Technology_by_type;236
238;http://dbpedia.org/resource/Category:Biotechnology;http://www.w3.org/2004/02/skos/core#broader;http://dbpedia.org/resource/Category:Biology;237
239;http://dbpedia.org/resource/Category:Cell_biology;http://www.w3.org/2004/02/skos/core#broader;http://dbpedia.org/resource/Category:Branches_of_biology;238
240;http://dbpedia.org/resource/Category:Stem_cells;http://www.w3.org/2004/02/skos/core#broader;http://dbpedia.org/resource/Category:Cells;239
241;http://dbpedia.org/resource/Category:Stem_cells;http://www.w3.org/2004/02/skos/core#broader;http://dbpedia.org/resource/Category:Biotechnology;240
242;http://dbpedia.org/resource/Category:Cerebrovascular_diseases;http://www.w3.org/2004/02/skos/core#broader;http://dbpedia.org/resource/Category:Vascular_diseases;241
243;http://dbpedia.org/resource/Category:Cerebrovascular_diseases;http://www.w3.org/2004/02/skos/core#broader;http://dbpedia.org/resource/Category:Neurological_disorders_by_disease_category;242
244;http://dbpedia.org/resource/Category:Antineoplastic_drugs;http://www.w3.org/2004/02/skos/core#broader;http://dbpedia.org/resource/Category:Antineoplastic_and_immunomodulating_drugs;243
245;http://dbpedia.org/resource/Category:Antineoplastic_drugs;http://www.w3.org/2004/02/skos/core#broader;http://dbpedia.org/resource/Category:Chemotherapy;244
246;http://dbpedia.org/resource/Category:Antineoplastic_drugs;http://www.w3.org/2004/02/skos/core#broader;http://dbpedia.org/resource/Category:Cancer_treatments;245
247;http://dbpedia.org/resource/Category:Cancer_treatments;http://www.w3.org/2004/02/skos/core#broader;http://dbpedia.org/resource/Category:Cancer;246
248;http://dbpedia.org/resource/Category:Cancer_treatments;http://www.w3.org/2004/02/skos/core#broader;http://dbpedia.org/resource/Category:Medical_treatments;247
249;http://dbpedia.org/resource/Category:Chemotherapy;http://www.w3.org/2004/02/skos/core#broader;http://dbpedia.org/resource/Category:Cancer_treatments;248
250;http://dbpedia.org/resource/Category:Trilobite_anatomy;http://www.w3.org/2004/02/skos/core#broader;http://dbpedia.org/resource/Category:Trilobites;249
251;http://dbpedia.org/resource/Category:Trilobite_anatomy;http://www.w3.org/2004/02/skos/core#broader;http://dbpedia.org/resource/Category:Arthropod_anatomy;250
252;http://dbpedia.org/page/Category:Thorax_(human_anatomy);http://www.w3.org/2004/02/skos/core#broader;http://dbpedia.org/resource/Category:Torso;251
253;http://dbpedia.org/resource/Category:Medical_signs;http://www.w3.org/2004/02/skos/core#broader;http://dbpedia.org/resource/Category:Symptoms_and_signs;252
254;http://dbpedia.org/resource/Category:Skin_conditions_resulting_from_physical_factors;http://www.w3.org/2004/02/skos/core#broader;http://dbpedia.org/resource/Category:Injuries;253
255;http://dbpedia.org/resource/Category:Skin_conditions_resulting_from_physical_factors;http://www.w3.org/2004/02/skos/core#broader;http://dbpedia.org/resource/Category:Cutaneous_conditions;254
256;http://dbpedia.org/resource/Category:Skin_conditions_resulting_from_physical_factors;http://www.w3.org/2004/02/skos/core#broader;http://dbpedia.org/resource/Category:Effects_of_external_causes;255
257;http://dbpedia.org/resource/Category:Foot_diseases;http://www.w3.org/2004/02/skos/core#broader;http://dbpedia.org/resource/Category:Diseases_and_disorders_by_system;256
258;http://dbpedia.org/resource/Category:Foot_diseases;http://www.w3.org/2004/02/skos/core#broader;http://dbpedia.org/resource/Category:Podiatry;257
259;http://dbpedia.org/resource/Category:Foot_diseases;http://www.w3.org/2004/02/skos/core#broader;http://dbpedia.org/resource/Category:Foot;258
260;http://dbpedia.org/resource/Category:Chloroarenes;http://www.w3.org/2004/02/skos/core#broader;http://dbpedia.org/resource/Category:Organochlorides;259
261;http://dbpedia.org/resource/Category:Chloroarenes;http://www.w3.org/2004/02/skos/core#broader;http://dbpedia.org/resource/Category:Aromatic_compounds;260
262;http://dbpedia.org/resource/Category:Quinolines;http://www.w3.org/2004/02/skos/core#broader;http://dbpedia.org/resource/Category:Azines;261
263;http://dbpedia.org/resource/Category:Quinolines;http://www.w3.org/2004/02/skos/core#broader;http://dbpedia.org/resource/Category:Heterocyclic_compounds_(2_rings);262
264;http://dbpedia.org/resource/Category:Antirheumatic_products;http://www.w3.org/2004/02/skos/core#broader;http://dbpedia.org/resource/Category:Autoimmune_diseases;263
265;http://dbpedia.org/resource/Category:Antirheumatic_products;http://www.w3.org/2004/02/skos/core#broader;http://dbpedia.org/resource/Category:Anti-inflammatory_and_antirheumatic_products;264
266;http://dbpedia.org/resource/Category:Health_sciences;http://www.w3.org/2004/02/skos/core#broader;http://dbpedia.org/resource/Category:Applied_sciences;265
267;http://dbpedia.org/resource/Category:Health_sciences;http://www.w3.org/2004/02/skos/core#broader;http://dbpedia.org/resource/Category:Health;266
268;http://dbpedia.org/resource/Category:Health_sciences;http://www.w3.org/2004/02/skos/core#broader;http://dbpedia.org/resource/Category:Life_sciences;267
269;http://dbpedia.org/resource/Category:Medicine;http://www.w3.org/2004/02/skos/core#broader;http://dbpedia.org/resource/Category:Health_sciences;268
270;http://dbpedia.org/resource/Category:Medicine;http://www.w3.org/2004/02/skos/core#broader;http://dbpedia.org/resource/Category:Branches_of_biology;269
271;http://dbpedia.org/resource/Category:Medicine;http://www.w3.org/2004/02/skos/core#broader;http://dbpedia.org/resource/Category:Health_care;270
272;http://dbpedia.org/resource/Category:Clinical_trials;http://www.w3.org/2004/02/skos/core#broader;http://dbpedia.org/resource/Category:Clinical_research;271
273;http://dbpedia.org/resource/Category:Clinical_trials;http://www.w3.org/2004/02/skos/core#broader;http://dbpedia.org/resource/Category:Research_methods;272
274;http://dbpedia.org/resource/Category:Drug_discovery;http://www.w3.org/2004/02/skos/core#broader;http://dbpedia.org/resource/Category:Medicinal_chemistry;273
275;http://dbpedia.org/resource/Category:Drug_discovery;http://www.w3.org/2004/02/skos/core#broader;http://dbpedia.org/resource/Category:Pharmacology;274
276;http://dbpedia.org/resource/Category:Drug_discovery;http://www.w3.org/2004/02/skos/core#broader;http://dbpedia.org/resource/Category:Pharmaceutical_industry;275
277;http://dbpedia.org/resource/Category:Drug_discovery;http://www.w3.org/2004/02/skos/core#broader;http://dbpedia.org/resource/Category:Clinical_research;276
278;http://dbpedia.org/resource/Category:Nursing_research;http://www.w3.org/2004/02/skos/core#broader;http://dbpedia.org/resource/Category:Healthcare_quality;277
279;http://dbpedia.org/resource/Category:Nursing_research;http://www.w3.org/2004/02/skos/core#broader;http://dbpedia.org/resource/Category:Health_research;278
280;http://dbpedia.org/resource/Category:Nursing_research;http://www.w3.org/2004/02/skos/core#broader;http://dbpedia.org/resource/Category:Evidence-based_practices;279
281;http://dbpedia.org/resource/Category:Nursing_research;http://www.w3.org/2004/02/skos/core#broader;http://dbpedia.org/resource/Category:Research_by_field;280
282;http://dbpedia.org/resource/Category:Nursing_research;http://www.w3.org/2004/02/skos/core#broader;http://dbpedia.org/resource/Category:Clinical_research;281
283;http://dbpedia.org/resource/Category:Nursing_research;http://www.w3.org/2004/02/skos/core#broader;http://dbpedia.org/resource/Category:Nursing;282
284;http://dbpedia.org/resource/Category:Product_testing;http://www.w3.org/2004/02/skos/core#broader;http://dbpedia.org/resource/Category:Consumer_protection;283
285;http://dbpedia.org/resource/Category:Product_testing;http://www.w3.org/2004/02/skos/core#broader;http://dbpedia.org/resource/Category:Production_and_manufacturing;284
286;http://dbpedia.org/resource/Category:Product_testing;http://www.w3.org/2004/02/skos/core#broader;http://dbpedia.org/resource/Category:Tests;285
287;http://dbpedia.org/resource/Category:Product_testing;http://www.w3.org/2004/02/skos/core#broader;http://dbpedia.org/resource/Category:Products;286
288;http://dbpedia.org/resource/Category:Pharmaceutical_industry;http://www.w3.org/2004/02/skos/core#broader;http://dbpedia.org/resource/Category:Pharmacology;287
289;http://dbpedia.org/resource/Category:Pharmaceutical_industry;http://www.w3.org/2004/02/skos/core#broader;http://dbpedia.org/resource/Category:Industries;288
290;http://dbpedia.org/resource/Category:Pharmaceutical_industry;http://www.w3.org/2004/02/skos/core#broader;http://dbpedia.org/resource/Category:Pharmaceutics;289
291;http://dbpedia.org/resource/Category:Clinical_research;http://www.w3.org/2004/02/skos/core#broader;http://dbpedia.org/resource/Category:Medical_research;290
292;http://dbpedia.org/resource/Category:Design_of_experiments;http://www.w3.org/2004/02/skos/core#broader;http://dbpedia.org/resource/Category:Statistics;291
293;http://dbpedia.org/resource/Category:Design_of_experiments;http://www.w3.org/2004/02/skos/core#broader;http://dbpedia.org/resource/Category:Data_collection_in_research;292
294;http://dbpedia.org/resource/Category:Design_of_experiments;http://www.w3.org/2004/02/skos/core#broader;http://dbpedia.org/resource/Category:Science_experiments;293
295;http://dbpedia.org/resource/Category:Food_and_Drug_Administration;http://www.w3.org/2004/02/skos/core#broader;http://dbpedia.org/resource/Category:Wikipedia_categories_named_after_government_agencies;294
296;http://dbpedia.org/resource/Category:Food_and_Drug_Administration;http://www.w3.org/2004/02/skos/core#broader;http://dbpedia.org/resource/Category:Wikipedia_categories_named_after_medical_and_health_organizations;295
297;http://dbpedia.org/resource/Category:Food_and_Drug_Administration;http://www.w3.org/2004/02/skos/core#broader;http://dbpedia.org/resource/Category:Medical_and_health_organizations_based_in_the_United_States;296
298;http://dbpedia.org/resource/Category:Food_and_Drug_Administration;http://www.w3.org/2004/02/skos/core#broader;http://dbpedia.org/resource/Category:National_agencies_for_drug_regulation;297
299;http://dbpedia.org/resource/Category:Food_and_Drug_Administration;http://www.w3.org/2004/02/skos/core#broader;http://dbpedia.org/resource/Category:Pharmacy_in_the_United_States;298
300;http://dbpedia.org/resource/Category:Food_and_Drug_Administration;http://www.w3.org/2004/02/skos/core#broader;http://dbpedia.org/resource/Category:United_States_Department_of_Health_and_Human_Services_agencies;299
301;http://dbpedia.org/resource/Category:Food_and_Drug_Administration;http://www.w3.org/2004/02/skos/core#broader;http://dbpedia.org/resource/Category:Food_safety_in_the_United_States;300
302;http://dbpedia.org/resource/Category:Medical_statistics;http://www.w3.org/2004/02/skos/core#broader;http://dbpedia.org/resource/Category:Health_informatics;301
303;http://dbpedia.org/resource/Category:Medical_statistics;http://www.w3.org/2004/02/skos/core#broader;http://dbpedia.org/resource/Category:Biostatistics;302
304;http://dbpedia.org/resource/Category:Medical_statistics;http://www.w3.org/2004/02/skos/core#broader;http://dbpedia.org/resource/Category:Applied_statistics;303
305;http://dbpedia.org/resource/Category:Medical_statistics;http://www.w3.org/2004/02/skos/core#broader;http://dbpedia.org/resource/Category:Health_economics;304
306;http://dbpedia.org/resource/Category:Central_nervous_system;http://www.w3.org/2004/02/skos/core#broader;http://dbpedia.org/resource/Category:Human_head_and_neck;305
307;http://dbpedia.org/resource/Category:Central_nervous_system;http://www.w3.org/2004/02/skos/core#broader;http://dbpedia.org/resource/Category:Neuroanatomy;306
308;http://dbpedia.org/resource/Category:Bleeding;http://www.w3.org/2004/02/skos/core#broader;http://dbpedia.org/resource/Category:Blood;307
309;http://dbpedia.org/resource/Category:Bleeding;http://www.w3.org/2004/02/skos/core#broader;http://dbpedia.org/resource/Category:Medical_emergencies;308
310;http://dbpedia.org/resource/Category:Coagulopathies;http://www.w3.org/2004/02/skos/core#broader;http://dbpedia.org/resource/Category:Blood_disorders;309
311;http://dbpedia.org/resource/Category:Coagulopathies;http://www.w3.org/2004/02/skos/core#broader;http://dbpedia.org/resource/Category:Coagulation_system;310
312;http://dbpedia.org/resource/Category:Virology;http://www.w3.org/2004/02/skos/core#broader;http://dbpedia.org/resource/Category:Microbiology;311
313;http://dbpedia.org/resource/Category:Mental_and_behavioural_disorders;http://www.w3.org/2004/02/skos/core#broader;http://dbpedia.org/resource/Category:Social_issues;312
314;http://dbpedia.org/resource/Category:Mental_and_behavioural_disorders;http://www.w3.org/2004/02/skos/core#broader;http://dbpedia.org/resource/Category:Human_behavior;313
315;http://dbpedia.org/resource/Category:Mental_and_behavioural_disorders;http://www.w3.org/2004/02/skos/core#broader;http://dbpedia.org/resource/Category:Abnormal_psychology;314
316;http://dbpedia.org/resource/Category:Mental_and_behavioural_disorders;http://www.w3.org/2004/02/skos/core#broader;http://dbpedia.org/resource/Category:Mental_health;315
317;http://dbpedia.org/resource/Category:Mental_and_behavioural_disorders;http://www.w3.org/2004/02/skos/core#broader;http://dbpedia.org/resource/Category:Psychiatric_diseases_and_disorders;316
318;http://dbpedia.org/resource/Category:Mental_and_behavioural_disorders;http://www.w3.org/2004/02/skos/core#broader;http://dbpedia.org/resource/Category:Human_diseases_and_disorders;317
319;http://dbpedia.org/resource/Category:Complement_system;http://www.w3.org/2004/02/skos/core#broader;http://dbpedia.org/resource/Category:Immune_system;318
320;http://dbpedia.org/resource/Category:Complement_system;http://www.w3.org/2004/02/skos/core#broader;http://dbpedia.org/resource/Category:Acute_phase_proteins;319
321;http://dbpedia.org/resource/Category:Medical_tests;http://www.w3.org/2004/02/skos/core#broader;http://dbpedia.org/resource/Category:Medical_diagnosis;320
322;http://dbpedia.org/resource/Category:Medical_tests;http://www.w3.org/2004/02/skos/core#broader;http://dbpedia.org/resource/Category:Tests;321
323;http://dbpedia.org/resource/Category:Medical_tests;http://www.w3.org/2004/02/skos/core#broader;http://dbpedia.org/resource/Category:Clinical_medicine;322
324;http://dbpedia.org/resource/Category:Multidimensional_signal_processing;http://www.w3.org/2004/02/skos/core#broader;http://dbpedia.org/resource/Category:Signal_processing;323
325;http://dbpedia.org/resource/Category:Multidimensional_signal_processing;http://www.w3.org/2004/02/skos/core#broader;http://dbpedia.org/resource/Category:Digital_signal_processing;324
326;http://dbpedia.org/resource/Category:X-ray_computed_tomography;http://www.w3.org/2004/02/skos/core#broader;http://dbpedia.org/resource/Category:Radiography;325
327;http://dbpedia.org/resource/Category:X-ray_computed_tomography;http://www.w3.org/2004/02/skos/core#broader;http://dbpedia.org/resource/Category:Inverse_problems;326
328;http://dbpedia.org/resource/Category:X-ray_computed_tomography;http://www.w3.org/2004/02/skos/core#broader;http://dbpedia.org/resource/Category:Multidimensional_signal_processing;327
329;http://dbpedia.org/resource/Category:1972_introductions;http://www.w3.org/2004/02/skos/core#broader;http://dbpedia.org/resource/Category:1970s_introductions;328
330;http://dbpedia.org/resource/Category:Articles_containing_video_clips;http://www.w3.org/2004/02/skos/core#broader;http://dbpedia.org/resource/Category:Wikipedia_maintenance;329
331;http://dbpedia.org/resource/Category:Animal_virology;http://www.w3.org/2004/02/skos/core#broader;http://dbpedia.org/resource/Category:Virology;330
332;http://dbpedia.org/resource/Category:Animal_virology;http://www.w3.org/2004/02/skos/core#broader;http://dbpedia.org/resource/Category:Veterinary_medicine;331
333;http://dbpedia.org/resource/Category:Coronaviridae;http://www.w3.org/2004/02/skos/core#broader;http://dbpedia.org/resource/Category:Virus_families;332
334;http://dbpedia.org/resource/Category:Coronaviridae;http://www.w3.org/2004/02/skos/core#broader;http://dbpedia.org/resource/Category:Nidovirales;333
335;http://dbpedia.org/resource/Category:Corticosteroids;http://www.w3.org/2004/02/skos/core#broader;http://dbpedia.org/resource/Category:Steroid_hormones;334
336;http://dbpedia.org/resource/Category:Corticosteroids;http://www.w3.org/2004/02/skos/core#broader;http://dbpedia.org/resource/Category:Hormones_of_the_hypothalamus-pituitary-adrenal_axis;335
337;http://dbpedia.org/resource/Category:World_Anti-Doping_Agency_prohibited_substances;http://www.w3.org/2004/02/skos/core#broader;http://dbpedia.org/resource/Category:Doping_in_sport;336
338;http://dbpedia.org/resource/Category:World_Anti-Doping_Agency_prohibited_substances;http://www.w3.org/2004/02/skos/core#broader;http://dbpedia.org/resource/Category:Drugs_in_sport;337
339;http://dbpedia.org/resource/Category:Medical_specialties;http://www.w3.org/2004/02/skos/core#broader;http://dbpedia.org/resource/Category:Clinical_medicine;338
340;http://dbpedia.org/resource/Category:Medical_specialties;http://www.w3.org/2004/02/skos/core#broader;http://dbpedia.org/resource/Category:Healthcare_occupations;339
341;http://dbpedia.org/resource/Category:Medical_specialties;http://www.w3.org/2004/02/skos/core#broader;http://dbpedia.org/resource/Category:Medicine;340
342;http://dbpedia.org/resource/Category:Cytokines;http://www.w3.org/2004/02/skos/core#broader;http://dbpedia.org/resource/Category:Immune_system;341
343;http://dbpedia.org/resource/Category:Cytokines;http://www.w3.org/2004/02/skos/core#broader;http://dbpedia.org/resource/Category:Signal_transduction;342
344;http://dbpedia.org/resource/Category:Cytokines;http://www.w3.org/2004/02/skos/core#broader;http://dbpedia.org/resource/Category:Proteins_by_function;343
345;http://dbpedia.org/resource/Category:Cytokines;http://www.w3.org/2004/02/skos/core#broader;http://dbpedia.org/resource/Category:Cell_signaling;344
346;http://dbpedia.org/resource/Category:Immune_system_disorders;http://www.w3.org/2004/02/skos/core#broader;http://dbpedia.org/resource/Category:Immune_system;345
347;http://dbpedia.org/resource/Category:Immune_system_disorders;http://www.w3.org/2004/02/skos/core#broader;http://dbpedia.org/resource/Category:Diseases_and_disorders_by_system;346
348;http://dbpedia.org/resource/Category:Immune_system_disorders;http://www.w3.org/2004/02/skos/core#broader;http://dbpedia.org/resource/Category:Immunology;347
349;http://dbpedia.org/resource/Category:Actuarial_science;http://www.w3.org/2004/02/skos/core#broader;http://dbpedia.org/resource/Category:Applied_mathematics;348
350;http://dbpedia.org/resource/Category:Actuarial_science;http://www.w3.org/2004/02/skos/core#broader;http://dbpedia.org/resource/Category:Insurance;349
351;http://dbpedia.org/resource/Category:Actuarial_science;http://www.w3.org/2004/02/skos/core#broader;http://dbpedia.org/resource/Category:Business_economics;350
352;http://dbpedia.org/resource/Category:Actuarial_science;http://www.w3.org/2004/02/skos/core#broader;http://dbpedia.org/resource/Category:Mathematical_finance;351
353;http://dbpedia.org/resource/Category:Actuarial_science;http://www.w3.org/2004/02/skos/core#broader;http://dbpedia.org/resource/Category:Applied_statistics;352
354;http://dbpedia.org/resource/Category:Actuarial_science;http://www.w3.org/2004/02/skos/core#broader;http://dbpedia.org/resource/Category:Formal_sciences;353
355;http://dbpedia.org/resource/Category:Demography;http://www.w3.org/2004/02/skos/core#broader;http://dbpedia.org/resource/Category:Actuarial_science;354
356;http://dbpedia.org/resource/Category:Demography;http://www.w3.org/2004/02/skos/core#broader;http://dbpedia.org/resource/Category:Applied_statistics;355
357;http://dbpedia.org/resource/Category:Demography;http://www.w3.org/2004/02/skos/core#broader;http://dbpedia.org/resource/Category:Environmental_social_science;356
358;http://dbpedia.org/resource/Category:Demography;http://www.w3.org/2004/02/skos/core#broader;http://dbpedia.org/resource/Category:Cultural_geography;357
359;http://dbpedia.org/resource/Category:Demography;http://www.w3.org/2004/02/skos/core#broader;http://dbpedia.org/resource/Category:Interdisciplinary_subfields_of_sociology;358
360;http://dbpedia.org/resource/Category:Demography;http://www.w3.org/2004/02/skos/core#broader;http://dbpedia.org/resource/Category:Human_geography;359
361;http://dbpedia.org/resource/Category:Population;http://www.w3.org/2004/02/skos/core#broader;http://dbpedia.org/resource/Category:Demography;360
362;http://dbpedia.org/resource/Category:Population;http://www.w3.org/2004/02/skos/core#broader;http://dbpedia.org/resource/Category:Human_geography;361
363;http://dbpedia.org/resource/Category:Population_ecology;http://www.w3.org/2004/02/skos/core#broader;http://dbpedia.org/resource/Category:Population;362
364;http://dbpedia.org/resource/Category:Population_ecology;http://www.w3.org/2004/02/skos/core#broader;http://dbpedia.org/resource/Category:Applied_statistics;363
365;http://dbpedia.org/resource/Category:Population_ecology;http://www.w3.org/2004/02/skos/core#broader;http://dbpedia.org/resource/Category:Subfields_of_ecology;364
366;http://dbpedia.org/resource/Category:Dentistry;http://www.w3.org/2004/02/skos/core#broader;http://dbpedia.org/resource/Category:Health_sciences;365
367;http://dbpedia.org/resource/Category:Dentistry;http://www.w3.org/2004/02/skos/core#broader;http://dbpedia.org/resource/Category:Medical_specialties;366
368;http://dbpedia.org/resource/Category:Dentistry;http://www.w3.org/2004/02/skos/core#broader;http://dbpedia.org/resource/Category:Mouth;1
369;http://dbpedia.org/resource/Category:Diabetes;http://www.w3.org/2004/02/skos/core#broader;http://dbpedia.org/resource/Category:Disorders_of_endocrine_pancreas;1
370;http://dbpedia.org/resource/Category:Metabolic_disorders;http://www.w3.org/2004/02/skos/core#broader;http://dbpedia.org/resource/Category:Endocrine;2
371;http://dbpedia.org/resource/Category:Metabolic_disorders;http://www.w3.org/2004/02/skos/core#broader;http://dbpedia.org/resource/Category:Metabolism;3
372;http://dbpedia.org/resource/Category:Diseases_and_disorders;http://www.w3.org/2004/02/skos/core#broader;http://dbpedia.org/resource/Category:Health;4
373;http://dbpedia.org/resource/Category:Diseases_and_disorders;http://www.w3.org/2004/02/skos/core#broader;http://dbpedia.org/resource/Category:Clinical_medicine;5
374;http://dbpedia.org/resource/Category:Medicine_in_society;http://www.w3.org/2004/02/skos/core#broader;http://dbpedia.org/resource/Category:Medicine;6
375;http://dbpedia.org/resource/Category:Medicine_in_society;http://www.w3.org/2004/02/skos/core#broader;http://dbpedia.org/resource/Category:Society;7
376;http://dbpedia.org/resource/Category:Lipid_disorders;http://www.w3.org/2004/02/skos/core#broader;http://dbpedia.org/resource/Category:Lipids;8
377;http://dbpedia.org/resource/Category:Lipid_disorders;http://www.w3.org/2004/02/skos/core#broader;http://dbpedia.org/resource/Category:Metabolic_disorders;9
378;http://dbpedia.org/resource/Category:Pharmacognosy;http://www.w3.org/2004/02/skos/core#broader;http://dbpedia.org/resource/Category:Pharmaceutical_sciences;10
379;http://dbpedia.org/resource/Category:Pharmacognosy;http://www.w3.org/2004/02/skos/core#broader;http://dbpedia.org/resource/Category:Pharmacology;11
380;http://dbpedia.org/resource/Category:Clinical_pharmacologists;http://www.w3.org/2004/02/skos/core#broader;http://dbpedia.org/resource/Category:Clinical_pharmacology;12
381;http://dbpedia.org/resource/Category:Clinical_pharmacologists;http://www.w3.org/2004/02/skos/core#broader;http://dbpedia.org/resource/Category:Pharmacologists;13
382;http://dbpedia.org/resource/Category:Life_sciences_industry;http://www.w3.org/2004/02/skos/core#broader;http://dbpedia.org/resource/Category:Life_sciences;14
383;http://dbpedia.org/resource/Category:Life_sciences_industry;http://www.w3.org/2004/02/skos/core#broader;http://dbpedia.org/resource/Category:Biotechnology;15
384;http://dbpedia.org/resource/Category:Life_sciences_industry;http://www.w3.org/2004/02/skos/core#broader;http://dbpedia.org/resource/Category:Industry;16
385;http://dbpedia.org/resource/Category:Pharmaceutics;http://www.w3.org/2004/02/skos/core#broader;http://dbpedia.org/resource/Category:Pharmaceutical_sciences;17
386;http://dbpedia.org/resource/Category:Pharmaceutics;http://www.w3.org/2004/02/skos/core#broader;http://dbpedia.org/resource/Category:Pharmacy;18
387;http://dbpedia.org/resource/Category:Pharmaceutics;http://www.w3.org/2004/02/skos/core#broader;http://dbpedia.org/resource/Category:Drugs;19
388;http://dbpedia.org/resource/Category:Pharmacokinetics;http://www.w3.org/2004/02/skos/core#broader;http://dbpedia.org/resource/Category:Pharmacology;20
389;http://dbpedia.org/resource/Category:Pharmacokinetics;http://www.w3.org/2004/02/skos/core#broader;http://dbpedia.org/resource/Category:Pharmaceutics;21
390;http://dbpedia.org/resource/Category:Elder_law;http://www.w3.org/2004/02/skos/core#broader;http://dbpedia.org/resource/Category:Old_age;22
391;http://dbpedia.org/resource/Category:Elder_law;http://www.w3.org/2004/02/skos/core#broader;http://dbpedia.org/resource/Category:Medical_law;23
392;http://dbpedia.org/resource/Category:Old_age;http://www.w3.org/2004/02/skos/core#broader;http://dbpedia.org/resource/Category:Adulthood;24
393;http://dbpedia.org/resource/Category:Ageing;http://www.w3.org/2004/02/skos/core#broader;http://dbpedia.org/resource/Category:Demography;25
394;http://dbpedia.org/resource/Category:Ageing;http://www.w3.org/2004/02/skos/core#broader;http://dbpedia.org/resource/Category:Population;26
395;http://dbpedia.org/resource/Category:Ageing;http://www.w3.org/2004/02/skos/core#broader;http://dbpedia.org/resource/Category:Human_development;27
396;http://dbpedia.org/resource/Category:Gerontology;http://www.w3.org/2004/02/skos/core#broader;http://dbpedia.org/resource/Category:Demography;28
397;http://dbpedia.org/resource/Category:Gerontology;http://www.w3.org/2004/02/skos/core#broader;http://dbpedia.org/resource/Category:Branches_of_biology;29
398;http://dbpedia.org/resource/Category:Gerontology;http://www.w3.org/2004/02/skos/core#broader;http://dbpedia.org/resource/Category:Old_age;30
399;http://dbpedia.org/resource/Category:Gerontology;http://www.w3.org/2004/02/skos/core#broader;http://dbpedia.org/resource/Category:Interdisciplinary_subfields_of_sociology;31
400;http://dbpedia.org/resource/Category:Gerontology;http://www.w3.org/2004/02/skos/core#broader;http://dbpedia.org/resource/Category:Medical_specialties;32
401;http://dbpedia.org/resource/Category:Social_constructionism;http://www.w3.org/2004/02/skos/core#broader;http://dbpedia.org/resource/Category:Constructivism;33
402;http://dbpedia.org/resource/Category:Social_constructionism;http://www.w3.org/2004/02/skos/core#broader;http://dbpedia.org/resource/Category:Social_engineering_(political_science);34
403;http://dbpedia.org/resource/Category:Social_constructionism;http://www.w3.org/2004/02/skos/core#broader;http://dbpedia.org/resource/Category:Sociological_theories;35
404;http://dbpedia.org/resource/Category:Social_constructionism;http://www.w3.org/2004/02/skos/core#broader;http://dbpedia.org/resource/Category:Social_theories;36
405;http://dbpedia.org/resource/Category:Social_constructionism;http://www.w3.org/2004/02/skos/core#broader;http://dbpedia.org/resource/Category:Social_epistemology;37
406;http://dbpedia.org/resource/Category:Social_constructionism;http://www.w3.org/2004/02/skos/core#broader;http://dbpedia.org/resource/Category:Cultural_politics;38
407;http://dbpedia.org/resource/Category:Surgery;http://www.w3.org/2004/02/skos/core#broader;http://dbpedia.org/resource/Category:Medical_specialties;39
408;http://dbpedia.org/resource/Category:Medical_treatments;http://www.w3.org/2004/02/skos/core#broader;http://dbpedia.org/resource/Category:Clinical_medicine;40
409;http://dbpedia.org/resource/Category:Microbial_population_biology;http://www.w3.org/2004/02/skos/core#broader;http://dbpedia.org/resource/Category:Microbiology;41
410;http://dbpedia.org/resource/Category:Microbial_population_biology;http://www.w3.org/2004/02/skos/core#broader;http://dbpedia.org/resource/Category:Population_ecology;42
411;http://dbpedia.org/resource/Category:Microbial_population_biology;http://www.w3.org/2004/02/skos/core#broader;http://dbpedia.org/resource/Category:Subfields_of_evolutionary_biology;43
412;http://dbpedia.org/resource/Category:Vascular_diseases;http://www.w3.org/2004/02/skos/core#broader;http://dbpedia.org/resource/Category:Angiology;44
413;http://dbpedia.org/resource/Category:Vascular_diseases;http://www.w3.org/2004/02/skos/core#broader;http://dbpedia.org/resource/Category:Cardiovascular_diseases;45
414;http://dbpedia.org/resource/Category:Inflammations;http://www.w3.org/2004/02/skos/core#broader;http://dbpedia.org/resource/Category:Diseases_and_disorders;46
415;http://dbpedia.org/resource/Category:Inflammations;http://www.w3.org/2004/02/skos/core#broader;http://dbpedia.org/resource/Category:Immunology;47
416;http://dbpedia.org/resource/Category:Biological_hazards;http://www.w3.org/2004/02/skos/core#broader;http://dbpedia.org/resource/Category:Natural_hazards;48
417;http://dbpedia.org/resource/Category:Biological_hazards;http://www.w3.org/2004/02/skos/core#broader;http://dbpedia.org/resource/Category:Biological_contamination;49
418;http://dbpedia.org/resource/Category:Biological_hazards;http://www.w3.org/2004/02/skos/core#broader;http://dbpedia.org/resource/Category:Biology_and_culture;50
419;http://dbpedia.org/resource/Category:Epidemics;http://www.w3.org/2004/02/skos/core#broader;http://dbpedia.org/resource/Category:Infectious_diseases;51
420;http://dbpedia.org/resource/Category:Epidemics;http://www.w3.org/2004/02/skos/core#broader;http://dbpedia.org/resource/Category:Epidemiology;52
421;http://dbpedia.org/resource/Category:Epidemics;http://www.w3.org/2004/02/skos/core#broader;http://dbpedia.org/resource/Category:Disease_outbreaks;53
422;http://dbpedia.org/resource/Category:Environmental_social_science;http://www.w3.org/2004/02/skos/core#broader;http://dbpedia.org/resource/Category:Environment_and_society;54
423;http://dbpedia.org/resource/Category:Environmental_social_science;http://www.w3.org/2004/02/skos/core#broader;http://dbpedia.org/resource/Category:Environmental_studies;55
424;http://dbpedia.org/resource/Category:Environmental_social_science;http://www.w3.org/2004/02/skos/core#broader;http://dbpedia.org/resource/Category:Social_sciences;56
425;http://dbpedia.org/resource/Category:Environmental_social_science;http://www.w3.org/2004/02/skos/core#broader;http://dbpedia.org/resource/Category:Environmental_science;57
426;http://dbpedia.org/resource/Category:Public_health;http://www.w3.org/2004/02/skos/core#broader;http://dbpedia.org/resource/Category:Euthenics;58
427;http://dbpedia.org/resource/Category:Public_health;http://www.w3.org/2004/02/skos/core#broader;http://dbpedia.org/resource/Category:Health;59
428;http://dbpedia.org/resource/Category:Public_health;http://www.w3.org/2004/02/skos/core#broader;http://dbpedia.org/resource/Category:Health_sciences;60
429;http://dbpedia.org/resource/Category:Public_health;http://www.w3.org/2004/02/skos/core#broader;http://dbpedia.org/resource/Category:Health_policy;61
430;http://dbpedia.org/resource/Category:Public_health;http://www.w3.org/2004/02/skos/core#broader;http://dbpedia.org/resource/Category:Public_sphere;62
431;http://dbpedia.org/resource/Category:Public_health;http://www.w3.org/2004/02/skos/core#broader;http://dbpedia.org/resource/Category:Medical_humanities;63
432;http://dbpedia.org/resource/Category:Public_health;http://www.w3.org/2004/02/skos/core#broader;http://dbpedia.org/resource/Category:Health_economics;64
433;http://dbpedia.org/resource/Category:Axiology;http://www.w3.org/2004/02/skos/core#broader;http://dbpedia.org/resource/Category:Value_(ethics);65
434;http://dbpedia.org/resource/Category:Axiology;http://www.w3.org/2004/02/skos/core#broader;http://dbpedia.org/resource/Category:Branches_of_philosophy;66
435;http://dbpedia.org/resource/Category:Ethics;http://www.w3.org/2004/02/skos/core#broader;http://dbpedia.org/resource/Category:Philosophy_of_life;67
436;http://dbpedia.org/resource/Category:Ethics;http://www.w3.org/2004/02/skos/core#broader;http://dbpedia.org/resource/Category:Stereotypes;68
437;http://dbpedia.org/resource/Category:Ethics;http://www.w3.org/2004/02/skos/core#broader;http://dbpedia.org/resource/Category:Branches_of_philosophy;69
438;http://dbpedia.org/resource/Category:Ethics;http://www.w3.org/2004/02/skos/core#broader;http://dbpedia.org/resource/Category:Social_institutions;70
439;http://dbpedia.org/resource/Category:Philosophy_of_life;http://www.w3.org/2004/02/skos/core#broader;http://dbpedia.org/resource/Category:Life;71
440;http://dbpedia.org/resource/Category:Philosophy_of_life;http://www.w3.org/2004/02/skos/core#broader;http://dbpedia.org/resource/Category:Personal_life;72
441;http://dbpedia.org/resource/Category:Philosophy_of_life;http://www.w3.org/2004/02/skos/core#broader;http://dbpedia.org/resource/Category:Self;73
442;http://dbpedia.org/resource/Category:Philosophy_of_life;http://www.w3.org/2004/02/skos/core#broader;http://dbpedia.org/resource/Category:Philosophical_theories;74
443;http://dbpedia.org/resource/Category:Philosophy_of_life;http://www.w3.org/2004/02/skos/core#broader;http://dbpedia.org/resource/Category:Philosophy_by_topic;75
444;http://dbpedia.org/resource/Category:Social_philosophy;http://www.w3.org/2004/02/skos/core#broader;http://dbpedia.org/resource/Category:Social_sciences;76
445;http://dbpedia.org/resource/Category:Social_philosophy;http://www.w3.org/2004/02/skos/core#broader;http://dbpedia.org/resource/Category:Interdisciplinary_subfields_of_sociology;77
446;http://dbpedia.org/resource/Category:Social_philosophy;http://www.w3.org/2004/02/skos/core#broader;http://dbpedia.org/resource/Category:Ethics;78
447;http://dbpedia.org/resource/Category:Medical_ultrasonography;http://www.w3.org/2004/02/skos/core#broader;http://dbpedia.org/resource/Category:Medical_imaging;79
448;http://dbpedia.org/resource/Category:Medical_ultrasonography;http://www.w3.org/2004/02/skos/core#broader;http://dbpedia.org/resource/Category:Acoustic_measurement;80
449;http://dbpedia.org/resource/Category:Medical_ultrasonography;http://www.w3.org/2004/02/skos/core#broader;http://dbpedia.org/resource/Category:Medical_physics;81
450;http://dbpedia.org/resource/Category:Medical_ultrasonography;http://www.w3.org/2004/02/skos/core#broader;http://dbpedia.org/resource/Category:Ultrasound;82
451;http://dbpedia.org/resource/Category:Cardiac_imaging;http://www.w3.org/2004/02/skos/core#broader;http://dbpedia.org/resource/Category:Medical_imaging_by_system;83
452;http://dbpedia.org/resource/Category:Cardiac_imaging;http://www.w3.org/2004/02/skos/core#broader;http://dbpedia.org/resource/Category:Cardiac_procedures;84
453;http://dbpedia.org/resource/Category:Radiology;http://www.w3.org/2004/02/skos/core#broader;http://dbpedia.org/resource/Category:Medical_imaging;85
454;http://dbpedia.org/resource/Category:Radiology;http://www.w3.org/2004/02/skos/core#broader;http://dbpedia.org/resource/Category:Medical_specialties;86
455;http://dbpedia.org/resource/Category:Cardiology;http://www.w3.org/2004/02/skos/core#broader;http://dbpedia.org/resource/Category:Cardiovascular_system;87
456;http://dbpedia.org/resource/Category:Cardiology;http://www.w3.org/2004/02/skos/core#broader;http://dbpedia.org/resource/Category:Internal_medicine;88
457;http://dbpedia.org/resource/Category:Cardiology;http://www.w3.org/2004/02/skos/core#broader;http://dbpedia.org/resource/Category:Medical_specialties;89
458;http://dbpedia.org/resource/Category:Cardiology;http://www.w3.org/2004/02/skos/core#broader;http://dbpedia.org/resource/Category:Heart;90
459;http://dbpedia.org/resource/Category:Genetics;http://www.w3.org/2004/02/skos/core#broader;http://dbpedia.org/resource/Category:Branches_of_biology;91
460;http://dbpedia.org/resource/Category:Polymorphism;http://www.w3.org/2004/02/skos/core#broader;http://dbpedia.org/resource/Category:Evolutionarily_significant_biological_phenomena;92
461;http://dbpedia.org/resource/Category:Polymorphism;http://www.w3.org/2004/02/skos/core#broader;http://dbpedia.org/resource/Category:Antipredator_adaptations;93
462;http://dbpedia.org/resource/Category:Polymorphism;http://www.w3.org/2004/02/skos/core#broader;http://dbpedia.org/resource/Category:Evolutionary_dynamics;94
463;http://dbpedia.org/resource/Category:Polymorphism;http://www.w3.org/2004/02/skos/core#broader;http://dbpedia.org/resource/Category:Population_ecology;95
464;http://dbpedia.org/resource/Category:Polymorphism;http://www.w3.org/2004/02/skos/core#broader;http://dbpedia.org/resource/Category:Genetics;96
465;http://dbpedia.org/resource/Category:Geriatrics;http://www.w3.org/2004/02/skos/core#broader;http://dbpedia.org/resource/Category:Old_age;97
466;http://dbpedia.org/resource/Category:Geriatrics;http://www.w3.org/2004/02/skos/core#broader;http://dbpedia.org/resource/Category:Medical_specialties;98
467;http://dbpedia.org/resource/Category:Economic_geography;http://www.w3.org/2004/02/skos/core#broader;http://dbpedia.org/resource/Category:Regional_science;99
468;http://dbpedia.org/resource/Category:Economic_geography;http://www.w3.org/2004/02/skos/core#broader;http://dbpedia.org/resource/Category:Relation_of_economics_to_other_disciplines;100
469;http://dbpedia.org/resource/Category:Economic_geography;http://www.w3.org/2004/02/skos/core#broader;http://dbpedia.org/resource/Category:Branches_of_geography;101
470;http://dbpedia.org/resource/Category:Economic_geography;http://www.w3.org/2004/02/skos/core#broader;http://dbpedia.org/resource/Category:Human_geography;102
471;http://dbpedia.org/resource/Category:Globalization;http://www.w3.org/2004/02/skos/core#broader;http://dbpedia.org/resource/Category:Sociology;103
472;http://dbpedia.org/resource/Category:Globalization;http://www.w3.org/2004/02/skos/core#broader;http://dbpedia.org/resource/Category:World;104
473;http://dbpedia.org/resource/Category:Globalization;http://www.w3.org/2004/02/skos/core#broader;http://dbpedia.org/resource/Category:Politics_by_issue;105
474;http://dbpedia.org/resource/Category:Interculturalism;http://www.w3.org/2004/02/skos/core#broader;http://dbpedia.org/resource/Category:Multiculturalism;106
475;http://dbpedia.org/resource/Category:Interculturalism;http://www.w3.org/2004/02/skos/core#broader;http://dbpedia.org/resource/Category:Cultural_globalization;107
476;http://dbpedia.org/resource/Category:Interculturalism;http://www.w3.org/2004/02/skos/core#broader;http://dbpedia.org/resource/Category:Social_theories;108
477;http://dbpedia.org/resource/Category:Interculturalism;http://www.w3.org/2004/02/skos/core#broader;http://dbpedia.org/resource/Category:Cultural_studies;109
478;http://dbpedia.org/resource/Category:Capitalism;http://www.w3.org/2004/02/skos/core#broader;http://dbpedia.org/resource/Category:Economic_liberalism;110
479;http://dbpedia.org/resource/Category:Capitalism;http://www.w3.org/2004/02/skos/core#broader;http://dbpedia.org/resource/Category:Economic_systems;111
480;http://dbpedia.org/resource/Category:Capitalism;http://www.w3.org/2004/02/skos/core#broader;http://dbpedia.org/resource/Category:Individualism;112
481;http://dbpedia.org/resource/Category:Cultural_geography;http://www.w3.org/2004/02/skos/core#broader;http://dbpedia.org/resource/Category:Culture_terminology;113
482;http://dbpedia.org/resource/Category:Cultural_geography;http://www.w3.org/2004/02/skos/core#broader;http://dbpedia.org/resource/Category:Human_geography;114
483;http://dbpedia.org/resource/Category:Cultural_geography;http://www.w3.org/2004/02/skos/core#broader;http://dbpedia.org/resource/Category:Cultural_studies;115
484;http://dbpedia.org/resource/Category:International_trade;http://www.w3.org/2004/02/skos/core#broader;http://dbpedia.org/resource/Category:International_relations;116
485;http://dbpedia.org/resource/Category:International_trade;http://www.w3.org/2004/02/skos/core#broader;http://dbpedia.org/resource/Category:Trade;117
486;http://dbpedia.org/resource/Category:International_trade;http://www.w3.org/2004/02/skos/core#broader;http://dbpedia.org/resource/Category:International_business;118
487;http://dbpedia.org/resource/Category:International_trade;http://www.w3.org/2004/02/skos/core#broader;http://dbpedia.org/resource/Category:Global_business_organization;119
488;http://dbpedia.org/resource/Category:Theories_of_history;http://www.w3.org/2004/02/skos/core#broader;http://dbpedia.org/resource/Category:Theories;120
489;http://dbpedia.org/resource/Category:Theories_of_history;http://www.w3.org/2004/02/skos/core#broader;http://dbpedia.org/resource/Category:Works_about_history;121
490;http://dbpedia.org/resource/Category:Theories_of_history;http://www.w3.org/2004/02/skos/core#broader;http://dbpedia.org/resource/Category:History;122
491;http://dbpedia.org/resource/Category:Glucocorticoids;http://www.w3.org/2004/02/skos/core#broader;http://dbpedia.org/resource/Category:Corticosteroids;123
492;http://dbpedia.org/resource/Category:Glucocorticoids;http://www.w3.org/2004/02/skos/core#broader;http://dbpedia.org/resource/Category:Hormonal_agents;124
493;http://dbpedia.org/resource/Category:Glucocorticoids;http://www.w3.org/2004/02/skos/core#broader;http://dbpedia.org/resource/Category:Immunosuppressants;125
494;http://dbpedia.org/resource/Category:Glucocorticoids;http://www.w3.org/2004/02/skos/core#broader;http://dbpedia.org/resource/Category:Anti-inflammatory_agents;126
495;http://dbpedia.org/resource/Category:Glucocorticoids;http://www.w3.org/2004/02/skos/core#broader;http://dbpedia.org/resource/Category:Hormones_of_the_suprarenal_cortex;127
496;http://dbpedia.org/resource/Category:Chemical_substances_for_emergency_medicine;http://www.w3.org/2004/02/skos/core#broader;http://dbpedia.org/resource/Category:Rescue;128
497;http://dbpedia.org/resource/Category:Chemical_substances_for_emergency_medicine;http://www.w3.org/2004/02/skos/core#broader;http://dbpedia.org/resource/Category:Emergency_medical_procedures;129
498;http://dbpedia.org/resource/Category:Chemical_substances_for_emergency_medicine;http://www.w3.org/2004/02/skos/core#broader;http://dbpedia.org/resource/Category:Chemical_substances_by_utilization;130
499;http://dbpedia.org/resource/Category:Chemical_substances_for_emergency_medicine;http://www.w3.org/2004/02/skos/core#broader;http://dbpedia.org/resource/Category:Chemicals_in_medicine;131
500;http://dbpedia.org/resource/Category:Growth_factors;http://www.w3.org/2004/02/skos/core#broader;http://dbpedia.org/resource/Category:Proteins_by_function;132
501;http://dbpedia.org/resource/Category:Growth_factors;http://www.w3.org/2004/02/skos/core#broader;http://dbpedia.org/resource/Category:Cell_signaling;133
502;http://dbpedia.org/resource/Category:Growth_factors;http://www.w3.org/2004/02/skos/core#broader;http://dbpedia.org/resource/Category:Signal_transduction;134
503;http://dbpedia.org/resource/Category:Health_care;http://www.w3.org/2004/02/skos/core#broader;http://dbpedia.org/resource/Category:Health;135
504;http://dbpedia.org/resource/Category:Health_care;http://www.w3.org/2004/02/skos/core#broader;http://dbpedia.org/resource/Category:Service_industries;136
505;http://dbpedia.org/resource/Category:History_of_botany;http://www.w3.org/2004/02/skos/core#broader;http://dbpedia.org/resource/Category:Botany;137
506;http://dbpedia.org/resource/Category:History_of_botany;http://www.w3.org/2004/02/skos/core#broader;http://dbpedia.org/resource/Category:History_of_biology_by_subdiscipline;138
507;http://dbpedia.org/resource/Category:Biologically-based_therapies;http://www.w3.org/2004/02/skos/core#broader;http://dbpedia.org/resource/Category:Alternative_medical_treatments;139
508;http://dbpedia.org/resource/Category:Botany;http://www.w3.org/2004/02/skos/core#broader;http://dbpedia.org/resource/Category:Branches_of_biology;140
509;http://dbpedia.org/resource/Category:Dietary_supplements;http://www.w3.org/2004/02/skos/core#broader;http://dbpedia.org/resource/Category:Biologically-based_therapies;141
510;http://dbpedia.org/resource/Category:Dietary_supplements;http://www.w3.org/2004/02/skos/core#broader;http://dbpedia.org/resource/Category:Dietetics;142
511;http://dbpedia.org/resource/Category:Dietary_supplements;http://www.w3.org/2004/02/skos/core#broader;http://dbpedia.org/resource/Category:Nutrition;143
512;http://dbpedia.org/resource/Category:Herbalism;http://www.w3.org/2004/02/skos/core#broader;http://dbpedia.org/resource/Category:Pharmacognosy;144
513;http://dbpedia.org/resource/Category:Herbalism;http://www.w3.org/2004/02/skos/core#broader;http://dbpedia.org/resource/Category:History_of_botany;145
514;http://dbpedia.org/resource/Category:Herbalism;http://www.w3.org/2004/02/skos/core#broader;http://dbpedia.org/resource/Category:Naturopathy;146
515;http://dbpedia.org/resource/Category:Herbalism;http://www.w3.org/2004/02/skos/core#broader;http://dbpedia.org/resource/Category:Alternative_medical_systems;147
516;http://dbpedia.org/resource/Category:Herbalism;http://www.w3.org/2004/02/skos/core#broader;http://dbpedia.org/resource/Category:Natural_environment_based_therapies;148
517;http://dbpedia.org/resource/Category:Herbalism;http://www.w3.org/2004/02/skos/core#broader;http://dbpedia.org/resource/Category:Botany;149
518;http://dbpedia.org/resource/Category:Injuries_of_hip_and_thigh;http://www.w3.org/2004/02/skos/core#broader;http://dbpedia.org/resource/Category:Injuries_by_region_of_body;150
519;http://dbpedia.org/resource/Category:Bone_fractures;http://www.w3.org/2004/02/skos/core#broader;http://dbpedia.org/resource/Category:Skeletal_disorders;151
520;http://dbpedia.org/resource/Category:Bone_fractures;http://www.w3.org/2004/02/skos/core#broader;http://dbpedia.org/resource/Category:Injuries;152
521;http://dbpedia.org/resource/Category:Bone_fractures;http://www.w3.org/2004/02/skos/core#broader;http://dbpedia.org/resource/Category:Medical_lists;153
522;http://dbpedia.org/resource/Category:Histopathology;http://www.w3.org/2004/02/skos/core#broader;http://dbpedia.org/resource/Category:Histology;154
523;http://dbpedia.org/resource/Category:Histopathology;http://www.w3.org/2004/02/skos/core#broader;http://dbpedia.org/resource/Category:Anatomical_pathology;155
524;http://dbpedia.org/resource/Category:Alcohols;http://www.w3.org/2004/02/skos/core#broader;http://dbpedia.org/resource/Category:Oxygen_compounds;156
525;http://dbpedia.org/resource/Category:Alcohols;http://www.w3.org/2004/02/skos/core#broader;http://dbpedia.org/resource/Category:Organic_compounds;157
526;http://dbpedia.org/resource/Category:Abnormal_clinical_and_laboratory_findings_for_blood;http://www.w3.org/2004/02/skos/core#broader;http://dbpedia.org/resource/Category:Abnormal_clinical_and_laboratory_findings;158
527;http://dbpedia.org/resource/Category:Abnormal_clinical_and_laboratory_findings_for_blood;http://www.w3.org/2004/02/skos/core#broader;http://dbpedia.org/resource/Category:Blood_tests;159
528;http://dbpedia.org/resource/Category:Disorders_causing_seizures;http://www.w3.org/2004/02/skos/core#broader;http://dbpedia.org/resource/Category:Diseases_and_disorders;160
529;http://dbpedia.org/resource/Category:Disorders_of_endocrine_pancreas;http://www.w3.org/2004/02/skos/core#broader;http://dbpedia.org/resource/Category:Endocrine_pancreas;161
530;http://dbpedia.org/resource/Category:Disorders_of_endocrine_pancreas;http://www.w3.org/2004/02/skos/core#broader;http://dbpedia.org/resource/Category:Endocrine_diseases;162
531;http://dbpedia.org/resource/Category:Medical_imaging;http://www.w3.org/2004/02/skos/core#broader;http://dbpedia.org/resource/Category:Medical_tests;163
532;http://dbpedia.org/resource/Category:Medical_imaging;http://www.w3.org/2004/02/skos/core#broader;http://dbpedia.org/resource/Category:Medical_physics;164
533;http://dbpedia.org/resource/Category:Medical_imaging;http://www.w3.org/2004/02/skos/core#broader;http://dbpedia.org/resource/Category:Image_processing;165
534;http://dbpedia.org/resource/Category:Medical_imaging;http://www.w3.org/2004/02/skos/core#broader;http://dbpedia.org/resource/Category:Anthropometry;166
535;http://dbpedia.org/resource/Category:Medical_imaging;http://www.w3.org/2004/02/skos/core#broader;http://dbpedia.org/resource/Category:Imaging;167
536;http://dbpedia.org/resource/Category:Medical_imaging;http://www.w3.org/2004/02/skos/core#broader;http://dbpedia.org/resource/Category:Medical_equipment;168
537;http://dbpedia.org/resource/Category:Image_processing;http://www.w3.org/2004/02/skos/core#broader;http://dbpedia.org/resource/Category:Computer_graphics_algorithms;169
538;http://dbpedia.org/resource/Category:Image_processing;http://www.w3.org/2004/02/skos/core#broader;http://dbpedia.org/resource/Category:Computer_graphics;170
539;http://dbpedia.org/resource/Category:Image_processing;http://www.w3.org/2004/02/skos/core#broader;http://dbpedia.org/resource/Category:Signal_processing;171
540;http://dbpedia.org/resource/Category:Image_processing;http://www.w3.org/2004/02/skos/core#broader;http://dbpedia.org/resource/Category:Computer_vision;172
541;http://dbpedia.org/resource/Category:Image_processing;http://www.w3.org/2004/02/skos/core#broader;http://dbpedia.org/resource/Category:Imaging;173
542;http://dbpedia.org/resource/Category:Image_processing;http://www.w3.org/2004/02/skos/core#broader;http://dbpedia.org/resource/Category:Multidimensional_signal_processing;174
543;http://dbpedia.org/resource/Category:Image_processing;http://www.w3.org/2004/02/skos/core#broader;http://dbpedia.org/resource/Category:Digital_signal_processing;175
544;http://dbpedia.org/resource/Category:Image_processing;http://www.w3.org/2004/02/skos/core#broader;http://dbpedia.org/resource/Category:Applied_statistics;176
545;http://dbpedia.org/resource/Category:Medical_physics;http://www.w3.org/2004/02/skos/core#broader;http://dbpedia.org/resource/Category:Theory_of_medicine;177
546;http://dbpedia.org/resource/Category:Medical_physics;http://www.w3.org/2004/02/skos/core#broader;http://dbpedia.org/resource/Category:Applied_and_interdisciplinary_physics;178
547;http://dbpedia.org/resource/Category:Nuclear_medicine;http://www.w3.org/2004/02/skos/core#broader;http://dbpedia.org/resource/Category:Nuclear_technology;179
548;http://dbpedia.org/resource/Category:Nuclear_medicine;http://www.w3.org/2004/02/skos/core#broader;http://dbpedia.org/resource/Category:Radiology;180
549;http://dbpedia.org/resource/Category:Nuclear_medicine;http://www.w3.org/2004/02/skos/core#broader;http://dbpedia.org/resource/Category:Medical_physics;181
550;http://dbpedia.org/resource/Category:Nuclear_medicine;http://www.w3.org/2004/02/skos/core#broader;http://dbpedia.org/resource/Category:Medical_specialties;182
551;http://dbpedia.org/resource/Category:Virotherapy;http://www.w3.org/2004/02/skos/core#broader;http://dbpedia.org/resource/Category:Virology;183
552;http://dbpedia.org/resource/Category:Virotherapy;http://www.w3.org/2004/02/skos/core#broader;http://dbpedia.org/resource/Category:Biopharmaceuticals;184
553;http://dbpedia.org/resource/Category:Virotherapy;http://www.w3.org/2004/02/skos/core#broader;http://dbpedia.org/resource/Category:Experimental_medical_treatments;185
554;http://dbpedia.org/resource/Category:Immunomodulating_drugs;http://www.w3.org/2004/02/skos/core#broader;http://dbpedia.org/resource/Category:Antineoplastic_and_immunomodulating_drugs;186
555;http://dbpedia.org/resource/Category:Immunomodulating_drugs;http://www.w3.org/2004/02/skos/core#broader;http://dbpedia.org/resource/Category:Immunology;187
556;http://dbpedia.org/resource/Category:Income;http://www.w3.org/2004/02/skos/core#broader;http://dbpedia.org/resource/Category:Wealth;188
557;http://dbpedia.org/resource/Category:Income;http://www.w3.org/2004/02/skos/core#broader;http://dbpedia.org/resource/Category:Finance;189
558;http://dbpedia.org/resource/Category:Animal_physiology;http://www.w3.org/2004/02/skos/core#broader;http://dbpedia.org/resource/Category:Physiology;190
559;http://dbpedia.org/resource/Category:Animal_physiology;http://www.w3.org/2004/02/skos/core#broader;http://dbpedia.org/resource/Category:Animals;191
560;http://dbpedia.org/resource/Category:Animal_physiology;http://www.w3.org/2004/02/skos/core#broader;http://dbpedia.org/resource/Category:Zoology;192
561;http://dbpedia.org/resource/Category:Human_physiology;http://www.w3.org/2004/02/skos/core#broader;http://dbpedia.org/resource/Category:Human_body;193
562;http://dbpedia.org/resource/Category:Human_physiology;http://www.w3.org/2004/02/skos/core#broader;http://dbpedia.org/resource/Category:Human_biology;194
563;http://dbpedia.org/resource/Category:Healthcare-associated_infections;http://www.w3.org/2004/02/skos/core#broader;http://dbpedia.org/resource/Category:Infectious_diseases;195
564;http://dbpedia.org/resource/Category:Influenza;http://www.w3.org/2004/02/skos/core#broader;http://dbpedia.org/resource/Category:Respiratory_diseases;196
565;http://dbpedia.org/resource/Category:Influenza;http://www.w3.org/2004/02/skos/core#broader;http://dbpedia.org/resource/Category:Viral_respiratory_tract_infections;197
566;http://dbpedia.org/resource/Category:Influenza;http://www.w3.org/2004/02/skos/core#broader;http://dbpedia.org/resource/Category:Poultry_diseases;198
567;http://dbpedia.org/resource/Category:Virus_families;http://www.w3.org/2004/02/skos/core#broader;http://dbpedia.org/resource/Category:Families_(biology);199
568;http://dbpedia.org/resource/Category:Virus_families;http://www.w3.org/2004/02/skos/core#broader;http://dbpedia.org/resource/Category:Virus_taxonomy;200
569;http://dbpedia.org/resource/Category:Orthomyxoviridae;http://www.w3.org/2004/02/skos/core#broader;http://dbpedia.org/resource/Category:Negative-sense_single-stranded_RNA_viruses;201
570;http://dbpedia.org/resource/Category:Orthomyxoviridae;http://www.w3.org/2004/02/skos/core#broader;http://dbpedia.org/resource/Category:Virus_families;202
571;http://dbpedia.org/resource/Category:Developmental_psychology;http://www.w3.org/2004/02/skos/core#broader;http://dbpedia.org/resource/Category:Branches_of_psychology;203
572;http://dbpedia.org/resource/Category:Developmental_psychology;http://www.w3.org/2004/02/skos/core#broader;http://dbpedia.org/resource/Category:Child_development;204
573;http://dbpedia.org/resource/Category:Developmental_psychology;http://www.w3.org/2004/02/skos/core#broader;http://dbpedia.org/resource/Category:Human_development;205
574;http://dbpedia.org/resource/Category:Educational_psychology;http://www.w3.org/2004/02/skos/core#broader;http://dbpedia.org/resource/Category:Social_sciences;206
575;http://dbpedia.org/resource/Category:Educational_psychology;http://www.w3.org/2004/02/skos/core#broader;http://dbpedia.org/resource/Category:Education;207
576;http://dbpedia.org/resource/Category:Educational_psychology;http://www.w3.org/2004/02/skos/core#broader;http://dbpedia.org/resource/Category:Pedagogy;208
577;http://dbpedia.org/resource/Category:Educational_psychology;http://www.w3.org/2004/02/skos/core#broader;http://dbpedia.org/resource/Category:Applied_psychology;209
578;http://dbpedia.org/resource/Category:Intelligence;http://www.w3.org/2004/02/skos/core#broader;http://dbpedia.org/resource/Category:Neuroscience;210
579;http://dbpedia.org/resource/Category:Intelligence;http://www.w3.org/2004/02/skos/core#broader;http://dbpedia.org/resource/Category:Educational_psychology;211
580;http://dbpedia.org/resource/Category:Intelligence;http://www.w3.org/2004/02/skos/core#broader;http://dbpedia.org/resource/Category:Cognition;212
581;http://dbpedia.org/resource/Category:Intelligence;http://www.w3.org/2004/02/skos/core#broader;http://dbpedia.org/resource/Category:Memory;213
582;http://dbpedia.org/resource/Category:Intelligence;http://www.w3.org/2004/02/skos/core#broader;http://dbpedia.org/resource/Category:Learning;214
583;http://dbpedia.org/resource/Category:Psychological_testing;http://www.w3.org/2004/02/skos/core#broader;http://dbpedia.org/resource/Category:Psychology;215
584;http://dbpedia.org/resource/Category:Psychological_testing;http://www.w3.org/2004/02/skos/core#broader;http://dbpedia.org/resource/Category:Tests;216
585;http://dbpedia.org/resource/Category:Endocrine_system;http://www.w3.org/2004/02/skos/core#broader;http://dbpedia.org/resource/Category:Glands;217
586;http://dbpedia.org/resource/Category:Endocrine_system;http://www.w3.org/2004/02/skos/core#broader;http://dbpedia.org/resource/Category:Organ_systems;218
587;http://dbpedia.org/resource/Category:Kidney;http://www.w3.org/2004/02/skos/core#broader;http://dbpedia.org/resource/Category:Endocrine_system;219
588;http://dbpedia.org/resource/Category:Kidney;http://www.w3.org/2004/02/skos/core#broader;http://dbpedia.org/resource/Category:Abdomen;220
589;http://dbpedia.org/resource/Category:Kidney;http://www.w3.org/2004/02/skos/core#broader;http://dbpedia.org/resource/Category:Urinary_system;221
590;http://dbpedia.org/resource/Category:Kidney;http://www.w3.org/2004/02/skos/core#broader;http://dbpedia.org/resource/Category:Organs_(anatomy);222
